num_joins,num_where,has_order_by,has_group_by,query_length,rows_examined,buffer_pool_hit_ratio,connections_count,hour_of_day,day_of_week,num_subqueries,num_predicates,num_aggregates,is_peak_hour,is_slow
3,1,0,0,246,0,0.9665,2,1,4,0,0,0,0,1
2,0,1,1,247,0,0.9665,2,1,4,0,0,2,0,1
0,1,0,0,71,0,0.9764,2,10,4,1,0,1,1,1
0,1,0,0,69,0,0.9771,2,10,4,1,0,0,1,1
2,1,1,1,183,0,0.9999,2,23,4,0,0,2,0,1
1,1,1,1,155,0,0.9999,2,23,4,0,0,2,0,1
1,0,0,1,126,0,0.9999,2,23,4,0,0,2,0,1
2,0,1,1,154,0,0.9999,2,23,4,0,0,2,0,1
0,1,0,0,73,0,0.9999,2,23,4,0,0,1,0,1
2,0,1,1,171,0,0.9438,2,0,5,0,0,2,1,1
1,0,0,1,105,0,0.9461,2,0,5,0,0,1,1,1
2,1,1,1,197,0,0.9636,2,1,5,0,0,2,0,1
2,1,1,1,273,0,0.9683,2,1,5,0,0,3,0,1
3,1,1,1,259,0,0.9683,2,1,5,0,0,1,0,1
2,1,1,1,250,0,0.9683,2,1,5,0,0,1,0,1
0,4,1,0,283,0,0.9683,2,1,5,3,0,3,0,1
0,2,1,0,228,0,0.9709,2,1,5,2,0,2,0,1
1,3,1,0,383,0,0.9677,2,1,5,1,0,0,0,1
0,1,1,0,207,0,0.9678,2,1,5,0,0,0,0,1
0,0,0,1,158,0,0.9668,2,1,5,0,0,3,0,1
0,4,1,0,539,0,0.9695,2,1,5,4,0,4,0,1
1,1,1,1,314,0,0.9816,2,1,5,1,0,1,0,1
0,0,1,1,207,0,0.9812,2,1,5,0,0,1,0,1
2,0,1,1,280,0,0.983,2,1,5,0,0,1,0,1
0,0,1,0,51,0,0.9884,2,1,5,0,0,0,0,1
0,1,0,0,111,0,0.9884,2,1,5,1,0,1,0,1
2,1,0,0,293,0,0.9884,2,1,5,0,0,0,0,1
3,0,0,1,245,0,0.9884,2,1,5,0,0,1,0,1
0,0,0,1,173,0,0.9884,2,1,5,0,0,3,0,1
0,1,0,0,78,0,0.9899,2,1,5,0,0,0,0,1
0,1,0,0,54,0,0.9899,2,1,5,0,0,0,0,1
0,0,1,0,37,0,0.9899,2,1,5,0,0,0,0,1
0,1,0,0,78,0,0.9899,2,1,5,1,0,0,0,1
0,0,0,1,96,0,0.991,2,1,5,0,0,2,0,1
0,0,1,0,121,0,0.991,2,1,5,0,0,1,0,1
0,1,0,0,61,0,0.991,2,1,5,0,0,0,0,1
0,1,0,0,162,0,0.991,2,1,5,0,0,0,0,1
0,1,0,0,192,0,0.991,2,1,5,0,0,0,0,1
0,1,0,0,145,0,0.991,2,1,5,0,0,0,0,1
0,4,0,0,268,0,0.991,2,1,5,4,0,4,0,1
0,1,0,0,270,0,0.991,2,1,5,0,0,0,0,1
0,0,1,0,253,0,0.9912,2,1,5,0,0,1,0,1
1,1,1,0,195,0,0.9913,2,1,5,0,0,0,0,1
0,1,0,0,162,0,0.9913,2,1,5,0,0,0,0,1
3,1,0,0,215,0,0.9913,2,1,5,0,0,0,0,1
0,0,1,1,163,0,0.9913,2,1,5,0,0,2,0,1
0,0,1,0,280,0,0.9913,2,1,5,0,0,2,0,1
3,1,1,0,264,0,0.9917,2,1,5,0,0,0,0,1
4,0,0,1,383,0,0.9917,2,1,5,0,0,3,0,1
0,3,0,0,178,0,0.9917,2,1,5,2,0,0,0,1
0,0,1,1,189,0,0.9917,2,1,5,0,0,2,0,1
3,0,0,1,376,0,0.9917,2,1,5,0,0,2,0,1
3,1,0,1,417,0,0.9917,2,1,5,0,0,2,0,1
3,0,0,1,442,0,0.9917,2,1,5,0,0,2,0,1
2,1,1,1,631,0,0.9917,2,1,5,0,0,8,0,1
3,0,1,1,446,0,0.9917,2,1,5,0,0,4,0,1
4,1,1,1,647,0,0.9934,2,1,5,0,0,2,0,1
3,0,1,1,649,0,0.9934,2,1,5,0,0,8,0,1
3,0,1,1,751,0,0.9934,2,1,5,0,0,7,0,1
8,1,1,1,909,0,0.9934,2,1,5,0,0,5,0,1
1,3,1,1,699,0,0.9934,2,1,5,3,0,5,0,1
0,0,1,1,464,0,0.9934,2,1,5,0,0,8,0,1
0,6,1,0,620,0,0.9934,2,1,5,6,0,6,0,1
0,6,1,0,877,0,0.993,2,1,5,6,0,6,0,1
4,5,1,0,901,0,0.993,2,1,5,4,0,4,0,1
0,3,1,0,293,0,0.9935,2,1,5,3,0,3,0,1
0,1,0,0,199,0,0.9935,2,1,5,0,0,0,0,1
0,0,1,1,567,0,0.9935,2,1,5,0,0,9,0,1
8,1,1,1,872,0,0.9935,2,1,5,0,0,5,0,1
2,7,1,0,634,0,0.9935,2,1,5,6,0,5,0,1
6,0,1,1,1544,0,0.9935,2,1,5,0,0,24,0,1
4,7,1,0,1580,0,0.9935,2,1,5,6,0,6,0,1
0,2,0,0,101,0,0.9938,2,22,5,1,0,0,0,1
0,0,0,1,100,0,0.9938,2,22,5,0,0,1,0,1
0,1,0,0,114,0,0.9942,2,22,5,1,0,1,0,1
1,1,0,0,140,0,0.9942,2,22,5,1,0,1,0,1
0,1,0,0,48,0,0.9945,2,22,5,0,0,0,0,1
0,1,0,0,83,0,0.9945,2,22,5,1,0,0,0,1
0,2,0,0,96,0,0.9945,2,22,5,1,0,0,0,1
0,2,0,0,103,0,0.9945,2,22,5,1,0,0,0,1
0,1,0,0,93,0,0.9945,2,22,5,1,0,0,0,1
0,2,0,0,110,0,0.9875,2,22,5,1,0,0,0,1
0,2,0,0,126,0,0.9875,2,22,5,1,0,0,0,1
4,0,0,1,325,0,0.9875,2,22,5,0,0,1,0,1
2,0,0,1,282,0,0.9875,2,22,5,0,0,1,0,1
0,1,1,0,117,0,0.9875,2,22,5,0,0,0,0,1
0,0,1,0,147,0,0.9875,2,22,5,0,0,0,0,1
0,0,1,0,97,0,0.9877,2,22,5,0,0,0,0,1
0,0,1,0,109,0,0.9877,2,22,5,0,0,0,0,1
0,0,1,0,150,0,0.9877,2,22,5,0,0,0,0,1
0,0,1,0,150,0,0.9877,2,22,5,0,0,1,0,1
0,0,1,0,162,0,0.9877,2,22,5,0,0,0,0,1
0,0,1,0,164,0,0.9877,2,22,5,0,0,0,0,1
0,0,1,0,159,0,0.9881,2,22,5,0,0,0,0,1
0,0,1,0,164,0,0.9881,2,22,5,0,0,0,0,1
3,0,1,1,318,0,0.9881,2,22,5,0,0,2,0,1
0,0,1,0,213,0,0.9881,2,22,5,0,0,0,0,1
0,0,0,0,351,0,0.9858,2,23,5,0,0,0,0,1
0,0,0,0,345,0,0.9858,2,23,5,0,0,0,0,1
0,0,0,0,379,0,0.9858,2,23,5,0,0,0,0,1
0,0,0,0,371,0,0.9858,2,23,5,0,0,0,0,1
0,0,0,0,361,0,0.9858,2,23,5,0,0,0,0,1
0,0,0,0,222,0,0.9858,2,23,5,0,0,0,0,1
0,0,0,0,118,0,0.9858,2,23,5,0,0,0,0,1
0,0,0,0,311,0,0.9858,2,23,5,0,0,0,0,1
0,0,0,0,286,0,0.9858,2,23,5,0,0,0,0,1
0,0,0,0,267,0,0.9858,2,23,5,0,0,0,0,1
0,0,0,0,242,0,0.9858,2,23,5,0,0,0,0,1
0,0,0,0,204,0,0.9858,2,23,5,0,0,0,0,1
0,0,0,0,202,0,0.9858,2,23,5,0,0,0,0,1
0,0,0,0,265,0,0.9858,2,23,5,0,0,0,0,1
0,0,0,0,192,0,0.9858,2,23,5,0,0,0,0,1
0,0,0,0,179,0,0.9858,2,23,5,0,0,0,0,1
0,0,0,0,196,0,0.9914,2,23,5,0,0,0,0,1
0,0,0,0,189,0,0.9914,2,23,5,0,0,0,0,1
0,0,0,0,173,0,0.9914,2,23,5,0,0,0,0,1
0,0,0,0,136,0,0.9914,2,23,5,0,0,0,0,1
0,0,0,0,151,0,0.9914,2,23,5,0,0,0,0,1
2,0,0,0,121,0,0.9918,2,23,5,0,0,0,0,1
0,1,0,0,63,0,0.9918,2,23,5,0,0,0,0,1
2,0,0,0,133,0,0.9918,2,23,5,0,0,0,0,1
0,1,0,0,79,0,0.9918,2,23,5,0,0,0,0,1
1,0,0,1,144,0,0.9918,2,23,5,0,0,1,0,1
1,0,0,1,175,0,0.9916,2,23,5,1,0,1,0,1
1,0,0,1,125,0,0.9917,2,23,5,0,0,1,0,1
0,0,0,0,153,0,0.9935,2,23,5,0,0,0,0,1
0,0,0,0,145,0,0.9935,2,23,5,0,0,0,0,1
0,0,0,0,106,0,0.9933,2,23,5,0,0,0,0,1
2,1,1,1,323,0,0.9927,2,0,6,0,0,2,1,1
3,1,1,1,403,0,0.9927,2,0,6,0,0,3,1,1
2,1,1,1,352,0,0.9915,2,0,6,0,0,3,1,1
1,1,1,1,351,0,0.9915,2,0,6,0,0,3,1,1
3,0,1,1,353,0,0.9915,2,0,6,0,0,4,1,1
0,5,1,0,375,0,0.9915,2,0,6,4,0,4,1,1
0,4,1,0,447,0,0.9915,2,0,6,3,0,1,1,1
0,5,1,0,421,0,0.9915,2,0,6,4,0,4,1,1
0,3,1,1,414,0,0.9915,2,0,6,3,0,3,1,1
0,3,1,1,484,0,0.9915,2,0,6,3,0,3,1,1
0,3,1,1,350,0,0.9915,2,0,6,3,0,3,1,1
0,3,1,1,371,0,0.9915,2,0,6,3,0,2,1,1
0,5,1,1,501,0,0.9915,2,0,6,4,0,4,1,1
3,0,1,1,638,0,0.9915,2,0,6,0,0,6,1,1
1,3,1,0,538,0,0.9915,2,0,6,1,0,0,1,1
0,1,1,0,344,0,0.9915,2,0,6,0,0,2,1,1
0,0,1,0,319,0,0.9915,2,0,6,0,0,0,1,1
0,1,1,0,176,0,0.9915,2,0,6,0,0,0,1,1
0,1,1,0,303,0,0.9926,2,0,6,2,0,2,1,1
1,1,1,0,354,0,0.9926,2,0,6,0,0,0,1,1
0,2,1,0,251,0,0.9921,2,0,6,1,0,0,1,1
0,0,1,1,284,0,0.9922,2,0,6,0,0,3,1,1
6,0,1,1,617,0,0.9922,2,0,6,0,0,6,1,1
1,1,1,0,402,0,0.9923,2,0,6,0,0,0,1,1
2,2,1,1,722,0,0.9923,2,0,6,1,0,3,1,1
2,1,1,1,494,0,0.9923,2,0,6,0,0,4,1,1
2,1,1,1,848,0,0.9931,2,0,6,0,0,4,1,1
2,1,1,1,656,0,0.9931,2,0,6,0,0,7,1,1
2,2,1,1,846,0,0.9931,2,0,6,0,0,5,1,1
2,1,1,1,679,0,0.9931,2,0,6,0,0,9,1,1
0,0,1,1,479,0,0.9927,2,0,6,0,0,6,1,1
4,1,1,1,634,0,0.9927,2,0,6,0,0,5,1,1
6,1,1,1,921,0,0.9927,2,0,6,0,0,13,1,1
4,1,1,1,661,0,0.9927,2,0,6,0,0,9,1,1
1,0,1,1,1060,0,0.9927,2,0,6,0,0,6,1,1
0,0,1,1,560,0,0.9923,2,0,6,0,0,10,1,1
6,1,1,1,1015,0,0.9923,2,0,6,0,0,12,1,1
3,1,1,1,806,0,0.9925,2,0,6,0,0,6,1,1
3,0,1,1,742,0,0.993,2,0,6,0,0,5,1,1
6,1,1,1,1165,0,0.993,2,0,6,0,0,12,1,1
2,2,1,1,1144,0,0.993,2,0,6,0,0,7,1,1
4,1,1,1,635,0,0.993,2,0,6,0,0,7,1,1
2,0,1,1,919,0,0.993,2,0,6,0,0,7,1,1
6,1,1,1,1080,0,0.993,2,0,6,0,0,13,1,1
5,2,1,1,1559,0,0.993,2,0,6,1,0,15,1,1
2,1,1,1,1124,0,0.993,2,0,6,0,0,9,1,1
4,2,1,1,967,0,0.993,2,0,6,1,0,6,1,1
7,0,1,1,1134,0,0.9931,2,0,6,0,0,23,1,1
4,1,1,1,809,0,0.9929,2,1,6,0,0,6,0,1
1,1,1,1,626,0,0.9926,2,1,6,0,0,10,0,1
8,2,1,1,1335,0,0.9926,2,1,6,0,0,11,0,1
3,1,1,1,865,0,0.9926,2,1,6,0,0,13,0,1
4,0,1,1,881,0,0.9926,2,1,6,3,0,12,0,1
6,0,1,1,1232,0,0.9926,2,1,6,0,0,19,0,1
142,166,1,1,52136,0,0.9927,2,1,6,39,0,375,0,1
6,1,1,1,1250,0,0.9927,2,1,6,0,0,9,0,1
6,1,1,1,1102,0,0.9927,2,1,6,0,0,8,0,1
2,1,1,1,1053,0,0.9927,2,1,6,0,0,11,0,1
6,2,1,1,1181,0,0.9927,2,1,6,0,0,7,0,1
6,0,1,1,1292,0,0.9927,2,1,6,0,0,18,0,1
2,1,1,1,1063,0,0.9927,2,1,6,0,0,12,0,1
2,1,1,1,902,0,0.9928,2,13,6,0,0,13,0,1
4,1,1,1,939,0,0.9928,2,13,6,0,0,12,0,1
6,1,1,1,1733,0,0.9928,2,13,6,0,0,19,0,1
4,1,1,1,1294,0,0.9928,2,13,6,0,0,13,0,1
5,2,1,1,1448,0,0.9928,2,13,6,0,0,22,0,1
3,1,1,1,1305,0,0.9928,2,13,6,0,0,14,0,1
8,1,1,1,2177,0,0.9928,2,13,6,0,0,27,0,1
2,1,1,1,1105,0,0.9928,2,13,6,0,0,13,0,1
3,0,1,1,1588,0,0.9928,2,13,6,0,0,21,0,1
4,1,1,1,1737,0,0.9928,2,13,6,0,0,20,0,1
9,1,1,1,2324,0,0.9928,2,13,6,0,0,27,0,1
9,1,1,1,2474,0,0.9928,2,13,6,0,0,25,0,1
4,1,1,1,1464,0,0.9928,2,13,6,2,0,22,0,1
9,1,1,1,2897,0,0.9928,2,13,6,0,0,25,0,1
6,1,1,1,1930,0,0.9928,2,13,6,0,0,24,0,1
5,12,1,1,4701,0,0.9928,2,13,6,0,0,33,0,1
4,1,1,1,583,0,0.9927,2,14,6,0,0,6,1,1
3,1,1,1,541,0,0.9927,2,14,6,0,0,4,1,1
0,3,1,0,341,0,0.9927,2,14,6,3,0,3,1,1
1,1,1,1,407,0,0.992,2,14,6,0,0,5,1,1
3,1,1,1,512,0,0.992,2,14,6,0,0,3,1,1
2,1,1,1,591,0,0.992,2,14,6,0,0,6,1,1
3,1,1,1,712,0,0.992,2,14,6,0,0,2,1,1
4,0,1,1,757,0,0.992,2,14,6,0,0,7,1,1
4,1,1,1,738,0,0.992,2,14,6,0,0,8,1,1
2,1,1,1,567,0,0.992,2,14,6,0,0,5,1,1
3,1,1,1,756,0,0.992,2,14,6,0,0,4,1,1
1,1,1,1,461,0,0.992,2,14,6,0,0,4,1,1
3,1,1,1,669,0,0.992,2,14,6,0,0,10,1,1
5,1,1,1,765,0,0.992,2,14,6,1,0,9,1,1
2,1,1,1,616,0,0.992,2,14,6,0,0,8,1,1
5,0,1,1,921,0,0.992,2,14,6,0,0,11,1,1
5,0,1,1,1085,0,0.992,2,14,6,0,0,8,1,1
7,0,1,1,1031,0,0.992,2,14,6,0,0,12,1,1
0,1,0,0,50,0,0.992,2,15,6,0,0,0,1,0
0,1,0,0,58,0,0.992,2,15,6,0,0,0,1,0
0,1,0,0,43,0,0.992,2,15,6,0,0,0,1,0
0,1,0,0,43,0,0.992,2,15,6,0,0,0,1,0
0,1,0,0,52,0,0.992,2,15,6,0,0,0,1,0
0,1,0,0,43,0,0.992,2,15,6,0,0,0,1,0
0,1,0,0,53,0,0.992,2,15,6,0,0,0,1,0
0,1,0,0,51,0,0.992,2,15,6,0,0,0,1,0
0,1,0,0,44,0,0.992,2,15,6,0,0,0,1,0
0,1,0,0,45,0,0.992,2,15,6,0,0,0,1,0
0,1,0,0,62,0,0.992,2,15,6,0,0,0,1,0
0,1,0,0,51,0,0.992,2,15,6,0,0,0,1,0
0,1,0,0,40,0,0.992,2,15,6,0,0,0,1,0
0,1,0,0,49,0,0.992,2,15,6,0,0,0,1,0
0,1,0,0,43,0,0.992,2,15,6,0,0,0,1,0
0,1,0,0,55,0,0.992,2,15,6,0,0,0,1,0
0,1,0,0,55,0,0.992,2,15,6,0,0,0,1,0
0,1,0,0,58,0,0.992,2,15,6,0,0,0,1,0
0,1,0,0,52,0,0.992,2,15,6,0,0,0,1,0
0,1,0,0,41,0,0.992,2,15,6,0,0,0,1,0
0,1,0,0,45,0,0.992,2,15,6,0,0,0,1,0
0,1,0,0,48,0,0.992,2,15,6,0,0,0,1,0
0,1,0,0,45,0,0.992,2,15,6,0,0,0,1,0
0,1,0,0,46,0,0.992,2,15,6,0,0,0,1,0
0,1,0,0,41,0,0.992,2,15,6,0,0,0,1,0
0,1,0,0,54,0,0.992,2,15,6,0,0,0,1,0
0,1,0,0,42,0,0.992,2,15,6,0,0,0,1,0
0,1,0,0,47,0,0.992,2,15,6,0,0,0,1,0
0,1,0,0,45,0,0.992,2,15,6,0,0,0,1,0
0,1,0,0,52,0,0.992,2,15,6,0,0,0,1,0
0,1,0,0,45,0,0.992,2,15,6,0,0,0,1,0
0,1,0,0,41,0,0.992,2,15,6,0,0,0,1,0
0,1,0,0,45,0,0.992,2,15,6,0,0,0,1,0
0,1,0,0,44,0,0.992,2,15,6,0,0,0,1,0
0,1,0,0,57,0,0.992,2,15,6,0,0,0,1,0
0,1,0,0,40,0,0.992,2,15,6,0,0,0,1,0
0,1,0,0,39,0,0.992,2,15,6,0,0,0,1,0
0,1,0,0,43,0,0.992,2,15,6,0,0,0,1,0
0,1,0,0,47,0,0.992,2,15,6,0,0,0,1,0
0,1,0,0,56,0,0.992,2,15,6,0,0,0,1,0
0,1,0,0,49,0,0.992,2,15,6,0,0,0,1,0
0,1,0,0,50,0,0.992,2,15,6,0,0,0,1,0
0,1,0,0,46,0,0.992,2,15,6,0,0,0,1,0
0,1,0,0,47,0,0.992,2,15,6,0,0,0,1,0
0,1,0,0,52,0,0.992,2,15,6,0,0,0,1,0
0,1,0,0,55,0,0.992,2,15,6,0,0,0,1,0
0,1,0,0,57,0,0.992,2,15,6,0,0,0,1,0
0,1,0,0,47,0,0.992,2,15,6,0,0,0,1,0
0,1,0,0,51,0,0.992,2,15,6,0,0,0,1,0
0,1,0,0,45,0,0.992,2,15,6,0,0,0,1,0
0,1,0,0,49,0,0.992,2,15,6,0,0,0,1,0
0,1,0,0,47,0,0.992,2,15,6,0,0,0,1,0
0,1,0,0,59,0,0.992,2,15,6,0,0,0,1,0
0,1,0,0,55,0,0.992,2,15,6,0,0,0,1,0
0,1,0,0,47,0,0.992,2,15,6,0,0,0,1,0
0,1,0,0,56,0,0.992,2,15,6,0,0,0,1,0
0,1,0,0,46,0,0.992,2,15,6,0,0,0,1,0
0,1,0,0,53,0,0.992,2,15,6,0,0,0,1,0
0,1,0,0,48,0,0.992,2,15,6,0,0,0,1,0
0,1,0,0,54,0,0.992,2,15,6,0,0,0,1,0
0,1,0,0,62,0,0.992,2,15,6,0,0,0,1,0
0,1,0,0,45,0,0.992,2,15,6,0,0,0,1,0
0,1,0,0,47,0,0.992,2,15,6,0,0,0,1,0
0,1,0,0,49,0,0.992,2,15,6,0,0,0,1,0
0,1,0,0,51,0,0.992,2,15,6,0,0,0,1,0
0,1,0,0,46,0,0.992,2,15,6,0,0,0,1,0
0,1,0,0,42,0,0.992,2,15,6,0,0,0,1,0
0,1,0,0,56,0,0.992,2,15,6,0,0,0,1,0
0,1,0,0,62,0,0.992,2,15,6,0,0,0,1,0
0,1,0,0,42,0,0.992,2,15,6,0,0,0,1,0
0,1,0,0,51,0,0.992,2,15,6,0,0,0,1,0
0,1,0,0,44,0,0.992,2,15,6,0,0,0,1,0
0,1,0,0,49,0,0.992,2,15,6,0,0,0,1,0
0,1,0,0,58,0,0.992,2,15,6,0,0,0,1,0
0,1,0,0,49,0,0.992,2,15,6,0,0,0,1,0
0,1,0,0,47,0,0.992,2,15,6,0,0,0,1,0
0,1,0,0,58,0,0.992,2,15,6,0,0,0,1,0
0,1,0,0,42,0,0.992,2,15,6,0,0,0,1,0
0,1,0,0,50,0,0.992,2,15,6,0,0,0,1,0
0,1,0,0,48,0,0.992,2,15,6,0,0,0,1,0
0,1,0,0,51,0,0.992,2,15,6,0,0,0,1,0
0,1,0,0,48,0,0.992,2,15,6,0,0,0,1,0
0,1,0,0,42,0,0.992,2,15,6,0,0,0,1,0
0,1,0,0,46,0,0.992,2,15,6,0,0,0,1,0
0,1,0,0,48,0,0.992,2,15,6,0,0,0,1,0
0,1,0,0,49,0,0.992,2,15,6,0,0,0,1,0
0,1,0,0,44,0,0.992,2,15,6,0,0,0,1,0
0,1,0,0,46,0,0.992,2,15,6,0,0,0,1,0
0,1,0,0,57,0,0.992,2,15,6,0,0,0,1,0
0,1,0,0,45,0,0.992,2,15,6,0,0,0,1,0
0,1,0,0,52,0,0.992,2,15,6,0,0,0,1,0
0,1,0,0,46,0,0.992,2,15,6,0,0,0,1,0
0,1,0,0,51,0,0.992,2,15,6,0,0,0,1,0
0,1,0,0,43,0,0.992,2,15,6,0,0,0,1,0
0,1,0,0,50,0,0.992,2,15,6,0,0,0,1,0
0,1,0,0,43,0,0.992,2,15,6,0,0,0,1,0
0,1,0,0,57,0,0.992,2,15,6,0,0,0,1,0
0,1,0,0,46,0,0.992,2,15,6,0,0,0,1,0
0,1,0,0,58,0,0.992,2,15,6,0,0,0,1,0
0,1,0,0,58,0,0.992,2,15,6,0,0,0,1,0
0,1,0,0,44,0,0.992,2,15,6,0,0,0,1,0
0,1,0,0,53,0,0.992,2,15,6,0,0,0,1,0
0,1,0,0,51,0,0.992,2,15,6,0,0,0,1,0
0,1,0,0,59,0,0.992,2,15,6,0,0,0,1,0
0,1,0,0,41,0,0.992,2,15,6,0,0,0,1,0
0,1,0,0,60,0,0.992,2,15,6,0,0,0,1,0
0,1,0,0,57,0,0.992,2,15,6,0,0,0,1,0
0,1,0,0,42,0,0.992,2,15,6,0,0,0,1,0
0,1,0,0,44,0,0.992,2,15,6,0,0,0,1,0
0,1,0,0,55,0,0.992,2,15,6,0,0,0,1,0
0,1,0,0,58,0,0.992,2,15,6,0,0,0,1,0
0,1,0,0,58,0,0.992,2,15,6,0,0,0,1,0
0,1,0,0,44,0,0.992,2,15,6,0,0,0,1,0
0,1,0,0,52,0,0.992,2,15,6,0,0,0,1,0
0,1,0,0,59,0,0.992,2,15,6,0,0,0,1,0
0,1,0,0,50,0,0.992,2,15,6,0,0,0,1,0
0,1,0,0,48,0,0.992,2,15,6,0,0,0,1,0
0,1,0,0,56,0,0.992,2,15,6,0,0,0,1,0
0,1,0,0,46,0,0.992,2,15,6,0,0,0,1,0
0,1,0,0,40,0,0.992,2,15,6,0,0,0,1,0
0,1,0,0,60,0,0.992,2,15,6,0,0,0,1,0
0,1,0,0,40,0,0.992,2,15,6,0,0,0,1,0
0,1,0,0,44,0,0.992,2,15,6,0,0,0,1,0
0,1,0,0,51,0,0.992,2,15,6,0,0,0,1,0
0,1,0,0,42,0,0.992,2,15,6,0,0,0,1,0
0,1,0,0,56,0,0.992,2,15,6,0,0,0,1,0
0,1,0,0,52,0,0.992,2,15,6,0,0,0,1,0
0,1,0,0,43,0,0.992,2,15,6,0,0,0,1,0
0,1,0,0,58,0,0.992,2,15,6,0,0,0,1,0
0,1,0,0,42,0,0.992,2,15,6,0,0,0,1,0
0,1,0,0,44,0,0.992,2,15,6,0,0,0,1,0
0,1,0,0,42,0,0.992,2,15,6,0,0,0,1,0
0,1,0,0,57,0,0.992,2,15,6,0,0,0,1,0
0,1,0,0,43,0,0.992,2,15,6,0,0,0,1,0
0,1,0,0,54,0,0.992,2,15,6,0,0,0,1,0
0,1,0,0,50,0,0.992,2,15,6,0,0,0,1,0
0,1,0,0,59,0,0.992,2,15,6,0,0,0,1,0
0,1,0,0,45,0,0.992,2,15,6,0,0,0,1,0
0,1,0,0,41,0,0.992,2,15,6,0,0,0,1,0
0,1,0,0,56,0,0.992,2,15,6,0,0,0,1,0
0,1,0,0,45,0,0.992,2,15,6,0,0,0,1,0
0,1,0,0,46,0,0.992,2,15,6,0,0,0,1,0
0,1,0,0,47,0,0.992,2,15,6,0,0,0,1,0
0,1,0,0,45,0,0.992,2,15,6,0,0,0,1,0
0,1,0,0,52,0,0.992,2,15,6,0,0,0,1,0
0,1,0,0,50,0,0.992,2,15,6,0,0,0,1,0
0,1,0,0,58,0,0.992,2,15,6,0,0,0,1,0
0,1,0,0,45,0,0.992,2,15,6,0,0,0,1,0
0,1,0,0,57,0,0.992,2,15,6,0,0,0,1,0
0,1,0,0,41,0,0.992,2,15,6,0,0,0,1,0
0,1,0,0,49,0,0.992,2,15,6,0,0,0,1,0
0,1,0,0,50,0,0.992,2,15,6,0,0,0,1,0
0,1,0,0,42,0,0.992,2,15,6,0,0,0,1,0
0,1,0,0,61,0,0.992,2,15,6,0,0,0,1,0
0,1,0,0,46,0,0.992,2,15,6,0,0,0,1,0
0,1,0,0,50,0,0.992,2,15,6,0,0,0,1,0
0,1,0,0,51,0,0.992,2,15,6,0,0,0,1,0
0,1,0,0,59,0,0.992,2,15,6,0,0,0,1,0
0,1,0,0,44,0,0.992,2,15,6,0,0,0,1,0
0,1,0,0,58,0,0.992,2,15,6,0,0,0,1,0
0,1,0,0,50,0,0.992,2,15,6,0,0,0,1,0
0,1,0,0,42,0,0.992,2,15,6,0,0,0,1,0
0,1,0,0,44,0,0.992,2,15,6,0,0,0,1,0
0,1,0,0,56,0,0.992,2,15,6,0,0,0,1,0
0,1,0,0,54,0,0.992,2,15,6,0,0,0,1,0
0,1,0,0,44,0,0.992,2,15,6,0,0,0,1,0
0,1,0,0,46,0,0.992,2,15,6,0,0,0,1,0
0,1,0,0,57,0,0.992,2,15,6,0,0,0,1,0
0,1,0,0,44,0,0.992,2,15,6,0,0,0,1,0
0,1,0,0,57,0,0.992,2,15,6,0,0,0,1,0
0,1,0,0,43,0,0.992,2,15,6,0,0,0,1,0
0,1,0,0,45,0,0.992,2,15,6,0,0,0,1,0
0,1,0,0,53,0,0.992,2,15,6,0,0,0,1,0
0,1,0,0,55,0,0.992,2,15,6,0,0,0,1,0
0,1,0,0,59,0,0.992,2,15,6,0,0,0,1,0
0,1,0,0,43,0,0.992,2,15,6,0,0,0,1,0
0,1,0,0,61,0,0.992,2,15,6,0,0,0,1,0
0,1,0,0,57,0,0.992,2,15,6,0,0,0,1,0
0,1,0,0,59,0,0.992,2,15,6,0,0,0,1,0
0,1,0,0,43,0,0.992,2,15,6,0,0,0,1,0
0,1,0,0,59,0,0.992,2,15,6,0,0,0,1,0
0,1,0,0,44,0,0.992,2,15,6,0,0,0,1,0
0,1,0,0,47,0,0.992,2,15,6,0,0,0,1,0
0,1,0,0,52,0,0.992,2,15,6,0,0,0,1,0
0,1,0,0,43,0,0.992,2,15,6,0,0,0,1,0
0,1,0,0,51,0,0.992,2,15,6,0,0,0,1,0
0,1,0,0,51,0,0.992,2,15,6,0,0,0,1,0
0,1,0,0,57,0,0.992,2,15,6,0,0,0,1,0
0,1,0,0,46,0,0.992,2,15,6,0,0,0,1,0
0,1,0,0,46,0,0.992,2,15,6,0,0,0,1,0
0,1,0,0,46,0,0.992,2,15,6,0,0,0,1,0
0,1,0,0,50,0,0.992,2,15,6,0,0,0,1,0
0,1,0,0,43,0,0.992,2,15,6,0,0,0,1,0
0,1,0,0,49,0,0.992,2,15,6,0,0,0,1,0
0,1,0,0,48,0,0.992,2,15,6,0,0,0,1,0
0,1,0,0,47,0,0.992,2,15,6,0,0,0,1,0
0,1,0,0,44,0,0.992,2,15,6,0,0,0,1,0
0,1,0,0,43,0,0.992,2,15,6,0,0,0,1,0
0,1,0,0,44,0,0.992,2,15,6,0,0,0,1,0
0,1,0,0,59,0,0.992,2,15,6,0,0,0,1,0
0,1,0,0,41,0,0.992,2,15,6,0,0,0,1,0
0,1,0,0,41,0,0.992,2,15,6,0,0,0,1,0
0,1,0,0,49,0,0.992,2,15,6,0,0,0,1,0
0,1,0,0,48,0,0.992,2,15,6,0,0,0,1,0
0,1,0,0,42,0,0.992,2,15,6,0,0,0,1,0
0,1,0,0,43,0,0.992,2,15,6,0,0,0,1,0
0,1,0,0,50,0,0.992,2,15,6,0,0,0,1,0
0,1,0,0,50,0,0.992,2,15,6,0,0,0,1,0
0,1,0,0,55,0,0.992,2,15,6,0,0,0,1,0
0,1,0,0,44,0,0.992,2,15,6,0,0,0,1,0
0,1,0,0,45,0,0.992,2,15,6,0,0,0,1,0
0,1,0,0,49,0,0.992,2,15,6,0,0,0,1,0
0,1,0,0,60,0,0.992,2,15,6,0,0,0,1,0
0,1,0,0,58,0,0.992,2,15,6,0,0,0,1,0
0,1,0,0,60,0,0.992,2,15,6,0,0,0,1,0
0,1,0,0,51,0,0.992,2,15,6,0,0,0,1,0
0,1,0,0,58,0,0.992,2,15,6,0,0,0,1,0
0,1,0,0,61,0,0.992,2,15,6,0,0,0,1,0
0,1,0,0,50,0,0.992,2,15,6,0,0,0,1,0
0,1,0,0,47,0,0.992,2,15,6,0,0,0,1,0
0,1,0,0,46,0,0.992,2,15,6,0,0,0,1,0
0,1,0,0,43,0,0.992,2,15,6,0,0,0,1,0
0,1,0,0,56,0,0.992,2,15,6,0,0,0,1,0
0,1,0,0,47,0,0.992,2,15,6,0,0,0,1,0
0,1,0,0,49,0,0.992,2,15,6,0,0,0,1,0
0,1,0,0,44,0,0.992,2,15,6,0,0,0,1,0
0,1,0,0,53,0,0.992,2,15,6,0,0,0,1,0
0,1,0,0,47,0,0.992,2,15,6,0,0,0,1,0
0,1,0,0,62,0,0.992,2,15,6,0,0,0,1,0
0,1,0,0,50,0,0.992,2,15,6,0,0,0,1,0
0,1,0,0,50,0,0.992,2,15,6,0,0,0,1,0
0,1,0,0,56,0,0.992,2,15,6,0,0,0,1,0
0,1,0,0,45,0,0.992,2,15,6,0,0,0,1,0
0,1,0,0,51,0,0.992,2,15,6,0,0,0,1,0
0,1,0,0,58,0,0.992,2,15,6,0,0,0,1,0
0,1,0,0,43,0,0.992,2,15,6,0,0,0,1,0
0,1,0,0,48,0,0.992,2,15,6,0,0,0,1,0
0,1,0,0,59,0,0.992,2,15,6,0,0,0,1,0
0,1,0,0,46,0,0.992,2,15,6,0,0,0,1,0
0,1,0,0,42,0,0.992,2,15,6,0,0,0,1,0
0,1,0,0,44,0,0.992,2,15,6,0,0,0,1,0
0,1,0,0,55,0,0.992,2,15,6,0,0,0,1,0
0,1,0,0,41,0,0.992,2,15,6,0,0,0,1,0
0,1,0,0,43,0,0.992,2,15,6,0,0,0,1,0
0,1,0,0,44,0,0.992,2,15,6,0,0,0,1,0
0,1,0,0,45,0,0.992,2,15,6,0,0,0,1,0
0,1,0,0,52,0,0.992,2,15,6,0,0,0,1,0
0,1,0,0,57,0,0.992,2,15,6,0,0,0,1,0
0,1,0,0,47,0,0.992,2,15,6,0,0,0,1,0
0,1,0,0,46,0,0.992,2,15,6,0,0,0,1,0
0,1,0,0,47,0,0.992,2,15,6,0,0,0,1,0
0,1,0,0,59,0,0.992,2,15,6,0,0,0,1,0
0,1,0,0,58,0,0.992,2,15,6,0,0,0,1,0
0,1,0,0,60,0,0.992,2,15,6,0,0,0,1,0
0,1,0,0,51,0,0.992,2,15,6,0,0,0,1,0
0,0,1,0,162,0,0.9921,2,14,2,0,0,1,1,1
0,1,1,1,213,0,0.9921,2,14,2,0,0,1,1,1
2,0,1,1,284,0,0.9921,2,14,2,0,0,3,1,1
0,1,0,0,52,0,0.9921,2,14,2,0,0,0,1,0
0,0,1,0,176,0,0.9921,2,14,2,0,0,1,1,1
0,3,0,0,190,0,0.9917,3,15,2,2,0,0,1,1
0,0,0,1,108,0,0.9917,3,15,2,0,0,2,1,1
2,0,1,0,266,0,0.9917,3,15,2,0,0,1,1,1
0,3,0,0,189,0,0.9917,3,15,2,2,0,1,1,1
0,3,0,0,195,0,0.9917,3,15,2,2,0,1,1,1
1,1,1,1,176,0,0.9915,3,15,2,0,0,0,1,1
7,1,1,1,1031,0,0.9915,3,15,2,0,0,12,1,1
5,0,1,1,1039,0,0.9915,3,15,2,0,0,15,1,1
4,1,1,1,1046,0,0.9915,3,15,2,0,0,13,1,1
9,0,1,1,1914,0,0.9915,3,15,2,0,0,18,1,1
4,3,1,1,1165,0,0.9915,3,15,2,2,0,14,1,1
8,1,1,1,1559,0,0.9915,3,15,2,0,0,22,1,1
5,1,1,1,1348,0,0.9915,3,15,2,0,0,16,1,1
0,3,0,0,222,0,0.9915,3,15,2,2,0,1,1,1
7,0,1,1,1625,0,0.9915,3,15,2,0,0,15,1,1
6,1,1,1,1662,0,0.9916,3,15,2,0,0,15,1,1
4,0,1,1,1575,0,0.9916,3,15,2,0,0,23,1,1
7,0,1,1,1907,0,0.9916,3,15,2,0,0,27,1,1
6,0,1,1,1464,0,0.9916,3,15,2,0,0,14,1,1
7,1,1,1,2388,0,0.9916,3,15,2,0,0,34,1,1
5,17,1,0,1863,0,0.9916,3,15,2,16,0,16,1,1
4,15,1,0,1702,0,0.9916,3,15,2,14,0,14,1,1
1,18,1,0,1749,0,0.9916,3,15,2,18,0,18,1,1
16,20,1,1,2873,0,0.9916,3,15,2,19,0,19,1,1
1,1,1,0,250,0,0.9916,2,17,3,0,0,1,1,1
8,1,1,1,3921,0,0.9916,2,17,3,0,0,47,1,1
2,1,1,1,186,0,0.9915,3,18,3,0,0,2,1,1
5,1,1,1,575,0,0.991,3,18,3,0,0,6,1,1
3,1,1,1,439,0,0.991,3,18,3,0,0,4,1,1
3,1,1,1,463,0,0.991,3,18,3,0,0,4,1,1
3,1,1,1,462,0,0.991,3,18,3,0,0,5,1,1
0,5,1,0,473,0,0.991,3,18,3,4,0,3,1,1
2,1,1,1,600,0,0.9909,3,18,3,0,0,3,1,1
2,1,1,1,695,0,0.9909,3,18,3,0,0,2,1,1
3,1,1,1,722,0,0.9909,3,18,3,0,0,6,1,1
2,1,1,1,542,0,0.9909,3,18,3,0,0,6,1,1
5,1,1,1,848,0,0.9909,3,18,3,0,0,10,1,1
7,1,1,1,738,0,0.9909,3,18,3,0,0,7,1,1
5,1,1,1,554,0,0.9909,3,18,3,0,0,4,1,1
5,1,1,1,553,0,0.9909,3,18,3,0,0,4,1,1
7,1,1,1,727,0,0.9909,3,18,3,0,0,5,1,1
8,1,1,1,704,0,0.9909,3,18,3,0,0,5,1,1
0,1,1,1,616,0,0.99,3,19,3,0,0,2,0,1
1,1,1,1,787,0,0.99,3,19,3,0,0,10,0,1
4,0,1,1,758,0,0.99,3,19,3,0,0,9,0,1
4,0,1,1,815,0,0.99,3,19,3,0,0,10,0,1
4,1,1,1,870,0,0.99,3,19,3,0,0,4,0,1
3,1,1,1,768,0,0.99,3,19,3,0,0,8,0,1
3,1,1,1,595,0,0.99,3,19,3,0,0,6,0,1
3,1,1,1,744,0,0.99,3,19,3,0,0,8,0,1
8,0,1,1,1216,0,0.99,3,19,3,0,0,18,0,1
3,0,1,1,826,0,0.99,3,19,3,0,0,5,0,1
8,1,1,1,1531,0,0.9896,3,19,3,0,0,20,0,1
2,1,1,1,712,0,0.9896,3,19,3,0,0,9,0,1
3,1,1,1,705,0,0.9896,3,19,3,0,0,5,0,1
7,0,1,1,1267,0,0.9935,5,19,3,0,0,15,0,1
3,6,1,0,1015,0,0.9935,5,19,3,5,0,5,0,1
3,1,1,1,953,0,0.9935,5,19,3,0,0,13,0,1
7,0,1,1,1206,0,0.9935,5,19,3,0,0,14,0,1
0,1,0,0,43,0,0.9935,5,19,3,0,0,0,0,0
0,1,0,0,56,0,0.9935,5,19,3,0,0,0,0,0
0,1,0,0,58,0,0.9935,5,19,3,0,0,0,0,0
0,1,0,0,46,0,0.9935,5,19,3,0,0,0,0,0
0,1,0,0,43,0,0.9935,5,19,3,0,0,0,0,0
0,1,0,0,47,0,0.9935,5,19,3,0,0,0,0,0
0,1,0,0,47,0,0.9935,5,19,3,0,0,0,0,0
0,1,0,0,47,0,0.9935,5,19,3,0,0,0,0,0
0,1,0,0,57,0,0.9935,5,19,3,0,0,0,0,0
0,1,0,0,51,0,0.9935,5,19,3,0,0,0,0,0
0,1,0,0,52,0,0.9935,5,19,3,0,0,0,0,0
0,1,0,0,43,0,0.9935,5,19,3,0,0,0,0,0
0,1,0,0,41,0,0.9935,5,19,3,0,0,0,0,0
0,1,0,0,52,0,0.9935,5,19,3,0,0,0,0,0
0,1,0,0,62,0,0.9935,5,19,3,0,0,0,0,0
0,1,0,0,55,0,0.9935,5,19,3,0,0,0,0,0
0,1,0,0,58,0,0.9935,5,19,3,0,0,0,0,0
0,1,0,0,41,0,0.9935,5,19,3,0,0,0,0,0
0,1,0,0,44,0,0.9935,5,19,3,0,0,0,0,0
0,1,0,0,52,0,0.9935,5,19,3,0,0,0,0,0
0,1,0,0,60,0,0.9935,5,19,3,0,0,0,0,0
0,1,0,0,47,0,0.9935,5,19,3,0,0,0,0,0
0,1,0,0,45,0,0.9935,5,19,3,0,0,0,0,0
0,1,0,0,42,0,0.9935,5,19,3,0,0,0,0,0
0,1,0,0,59,0,0.9935,5,19,3,0,0,0,0,0
0,1,0,0,50,0,0.9935,5,19,3,0,0,0,0,0
0,1,0,0,50,0,0.9935,5,19,3,0,0,0,0,0
0,1,0,0,44,0,0.9935,5,19,3,0,0,0,0,0
0,1,0,0,49,0,0.9935,5,19,3,0,0,0,0,0
0,1,0,0,47,0,0.9935,5,19,3,0,0,0,0,0
0,1,0,0,45,0,0.9935,5,19,3,0,0,0,0,0
0,1,0,0,41,0,0.9935,5,19,3,0,0,0,0,0
0,1,0,0,47,0,0.9935,5,19,3,0,0,0,0,0
0,1,0,0,57,0,0.9935,5,19,3,0,0,0,0,0
0,1,0,0,60,0,0.9935,5,19,3,0,0,0,0,0
0,1,0,0,42,0,0.9935,5,19,3,0,0,0,0,0
0,1,0,0,52,0,0.9935,5,19,3,0,0,0,0,0
0,1,0,0,47,0,0.9935,5,19,3,0,0,0,0,0
0,1,0,0,47,0,0.9935,5,19,3,0,0,0,0,0
0,1,0,0,58,0,0.9935,5,19,3,0,0,0,0,0
0,1,0,0,52,0,0.9935,5,19,3,0,0,0,0,0
0,1,0,0,46,0,0.9935,5,19,3,0,0,0,0,0
0,1,0,0,43,0,0.9935,5,19,3,0,0,0,0,0
0,1,0,0,43,0,0.9935,5,19,3,0,0,0,0,0
0,1,0,0,47,0,0.9935,5,19,3,0,0,0,0,0
0,1,0,0,43,0,0.9935,5,19,3,0,0,0,0,0
0,1,0,0,49,0,0.9935,5,19,3,0,0,0,0,0
0,1,0,0,47,0,0.9935,5,19,3,0,0,0,0,0
0,1,0,0,44,0,0.9935,5,19,3,0,0,0,0,0
0,1,0,0,50,0,0.9935,5,19,3,0,0,0,0,0
0,1,0,0,57,0,0.9935,5,19,3,0,0,0,0,0
0,1,0,0,50,0,0.9935,5,19,3,0,0,0,0,0
0,1,0,0,44,0,0.9935,5,19,3,0,0,0,0,0
0,1,0,0,45,0,0.9935,5,19,3,0,0,0,0,0
0,1,0,0,44,0,0.9935,5,19,3,0,0,0,0,0
0,1,0,0,51,0,0.9935,5,19,3,0,0,0,0,0
0,1,0,0,51,0,0.9935,5,19,3,0,0,0,0,0
0,1,0,0,48,0,0.9935,5,19,3,0,0,0,0,0
0,1,0,0,46,0,0.9935,5,19,3,0,0,0,0,0
0,1,0,0,46,0,0.9935,5,19,3,0,0,0,0,0
0,1,0,0,42,0,0.9935,5,19,3,0,0,0,0,0
0,1,0,0,62,0,0.9935,5,19,3,0,0,0,0,0
0,1,0,0,44,0,0.9935,5,19,3,0,0,0,0,0
0,1,0,0,48,0,0.9935,5,19,3,0,0,0,0,0
0,1,0,0,59,0,0.9935,5,19,3,0,0,0,0,0
0,1,0,0,45,0,0.9935,5,19,3,0,0,0,0,0
0,1,0,0,56,0,0.9935,5,19,3,0,0,0,0,0
0,1,0,0,59,0,0.9935,5,19,3,0,0,0,0,0
0,1,0,0,60,0,0.9935,5,19,3,0,0,0,0,0
0,1,0,0,49,0,0.9935,5,19,3,0,0,0,0,0
0,1,0,0,45,0,0.9935,5,19,3,0,0,0,0,0
0,1,0,0,45,0,0.9935,5,19,3,0,0,0,0,0
0,1,0,0,44,0,0.9935,5,19,3,0,0,0,0,0
0,1,0,0,52,0,0.9935,5,19,3,0,0,0,0,0
0,1,0,0,53,0,0.9935,5,19,3,0,0,0,0,0
0,1,0,0,50,0,0.9935,5,19,3,0,0,0,0,0
0,1,0,0,51,0,0.9935,5,19,3,0,0,0,0,0
0,1,0,0,55,0,0.9935,5,19,3,0,0,0,0,0
0,1,0,0,58,0,0.9935,5,19,3,0,0,0,0,0
0,1,0,0,52,0,0.9935,5,19,3,0,0,0,0,0
0,1,0,0,52,0,0.9935,5,19,3,0,0,0,0,0
0,1,0,0,52,0,0.9935,5,19,3,0,0,0,0,0
0,1,0,0,44,0,0.9935,5,19,3,0,0,0,0,0
0,1,0,0,49,0,0.9935,5,19,3,0,0,0,0,0
0,1,0,0,43,0,0.9935,5,19,3,0,0,0,0,0
0,1,0,0,58,0,0.9935,5,19,3,0,0,0,0,0
0,1,0,0,59,0,0.9935,5,19,3,0,0,0,0,0
0,1,0,0,59,0,0.9935,5,19,3,0,0,0,0,0
0,1,0,0,57,0,0.9935,5,19,3,0,0,0,0,0
0,1,0,0,46,0,0.9935,5,19,3,0,0,0,0,0
0,1,0,0,56,0,0.9935,5,19,3,0,0,0,0,0
0,1,0,0,58,0,0.9935,5,19,3,0,0,0,0,0
0,1,0,0,45,0,0.9935,5,19,3,0,0,0,0,0
0,1,0,0,55,0,0.9935,5,19,3,0,0,0,0,0
0,1,0,0,51,0,0.9935,5,19,3,0,0,0,0,0
0,1,0,0,42,0,0.9935,3,19,3,0,0,0,0,0
0,1,0,0,45,0,0.9935,3,19,3,0,0,0,0,0
0,1,0,0,47,0,0.9935,3,19,3,0,0,0,0,0
0,1,0,0,52,0,0.9935,3,19,3,0,0,0,0,0
0,1,0,0,47,0,0.9935,3,19,3,0,0,0,0,0
0,1,0,0,62,0,0.9935,3,19,3,0,0,0,0,0
0,1,0,0,49,0,0.9935,3,19,3,0,0,0,0,0
0,1,0,0,51,0,0.9935,3,19,3,0,0,0,0,0
0,1,0,0,55,0,0.9935,3,19,3,0,0,0,0,0
0,1,0,0,43,0,0.9935,3,19,3,0,0,0,0,0
0,1,0,0,62,0,0.9935,3,19,3,0,0,0,0,0
0,1,0,0,50,0,0.9935,3,19,3,0,0,0,0,0
0,1,0,0,56,0,0.9935,3,19,3,0,0,0,0,0
0,1,0,0,51,0,0.9935,3,19,3,0,0,0,0,0
0,1,0,0,59,0,0.9935,3,19,3,0,0,0,0,0
0,1,0,0,53,0,0.9935,3,19,3,0,0,0,0,0
0,1,0,0,44,0,0.9935,3,19,3,0,0,0,0,0
0,1,0,0,58,0,0.9935,3,19,3,0,0,0,0,0
0,1,0,0,60,0,0.9935,3,19,3,0,0,0,0,0
0,1,0,0,57,0,0.9935,3,19,3,0,0,0,0,0
0,1,0,0,45,0,0.9935,3,19,3,0,0,0,0,0
0,1,0,0,46,0,0.9935,3,19,3,0,0,0,0,0
0,1,0,0,59,0,0.9935,3,19,3,0,0,0,0,0
0,1,0,0,51,0,0.9935,3,19,3,0,0,0,0,0
0,1,0,0,46,0,0.9935,3,19,3,0,0,0,0,0
0,1,0,0,50,0,0.9935,3,19,3,0,0,0,0,0
0,1,0,0,50,0,0.9935,3,19,3,0,0,0,0,0
0,1,0,0,45,0,0.9935,3,19,3,0,0,0,0,0
0,1,0,0,47,0,0.9935,3,19,3,0,0,0,0,0
0,1,0,0,59,0,0.9935,3,19,3,0,0,0,0,0
0,1,0,0,59,0,0.9935,3,19,3,0,0,0,0,0
0,1,0,0,48,0,0.9935,3,19,3,0,0,0,0,0
0,1,0,0,46,0,0.9935,3,19,3,0,0,0,0,0
0,1,0,0,51,0,0.9935,3,19,3,0,0,0,0,0
0,1,0,0,46,0,0.9935,3,19,3,0,0,0,0,0
0,1,0,0,41,0,0.9935,3,19,3,0,0,0,0,0
0,1,0,0,47,0,0.9935,3,19,3,0,0,0,0,0
0,1,0,0,50,0,0.9935,3,19,3,0,0,0,0,0
0,1,0,0,44,0,0.9935,3,19,3,0,0,0,0,0
6,0,1,1,1181,0,0.9935,3,19,3,0,0,14,0,1
0,1,0,0,44,0,0.9935,3,19,3,0,0,0,0,0
0,1,0,0,53,0,0.9935,3,19,3,0,0,0,0,0
0,1,0,0,55,0,0.9935,3,19,3,0,0,0,0,0
0,1,0,0,41,0,0.9935,3,19,3,0,0,0,0,0
0,1,0,0,60,0,0.9935,3,19,3,0,0,0,0,0
0,1,0,0,48,0,0.9935,3,19,3,0,0,0,0,0
0,1,0,0,58,0,0.9935,3,19,3,0,0,0,0,0
0,1,0,0,44,0,0.9935,3,19,3,0,0,0,0,0
0,1,0,0,44,0,0.9935,3,19,3,0,0,0,0,0
0,1,0,0,50,0,0.9935,3,19,3,0,0,0,0,0
0,1,0,0,46,0,0.9935,3,19,3,0,0,0,0,0
0,1,0,0,56,0,0.9935,3,19,3,0,0,0,0,0
0,1,0,0,58,0,0.9935,3,19,3,0,0,0,0,0
0,1,0,0,44,0,0.9935,3,19,3,0,0,0,0,0
0,1,0,0,58,0,0.9935,3,19,3,0,0,0,0,0
0,1,0,0,44,0,0.9935,3,19,3,0,0,0,0,0
5,1,1,1,983,0,0.9934,3,19,3,0,0,8,0,1
4,1,1,1,1077,0,0.9934,3,19,3,0,0,7,0,1
3,1,1,1,1155,0,0.9934,3,19,3,0,0,13,0,1
3,1,1,1,874,0,0.9934,3,19,3,0,0,10,0,1
4,1,1,1,945,0,0.9934,3,19,3,0,0,7,0,1
9,0,1,1,1558,0,0.9934,3,19,3,0,0,16,0,1
0,1,0,0,51,0,0.9934,3,19,3,0,0,0,0,0
0,1,0,0,47,0,0.9934,3,19,3,0,0,0,0,0
0,1,0,0,42,0,0.9934,3,19,3,0,0,0,0,0
0,1,0,0,48,0,0.9934,3,19,3,0,0,0,0,0
0,1,0,0,53,0,0.9934,3,19,3,0,0,0,0,0
0,1,0,0,53,0,0.9934,3,19,3,0,0,0,0,0
7,0,1,1,1267,0,0.9934,3,19,3,0,0,15,0,1
4,1,1,1,1049,0,0.9934,3,19,3,0,0,8,0,1
5,1,1,1,1436,0,0.9934,3,19,3,0,0,15,0,1
3,1,1,1,1239,0,0.9934,3,19,3,0,0,16,0,1
3,1,1,1,1580,0,0.9934,3,19,3,0,0,14,0,1
10,0,1,1,2075,0,0.9934,3,19,3,0,0,30,0,1
12,1,1,1,2325,0,0.9934,3,19,3,0,0,26,0,1
10,0,1,1,1704,0,0.9934,3,19,3,0,0,23,0,1
9,0,1,1,1782,0,0.9934,3,19,3,0,0,30,0,1
8,1,1,1,1794,0,0.9934,3,19,3,0,0,16,0,1
7,0,1,1,1328,0,0.9934,3,19,3,0,0,18,0,1
2,5,1,1,1718,0,0.9934,3,19,3,4,0,20,0,1
4,4,1,1,1273,0,0.9934,3,19,3,3,0,14,0,1
4,5,1,1,1753,0,0.9934,3,19,3,4,0,19,0,1
4,4,1,1,1892,0,0.9934,3,19,3,3,0,18,0,1
0,1,0,0,43,0,0.9934,3,19,3,0,0,0,0,0
0,1,0,0,59,0,0.9934,3,19,3,0,0,0,0,0
0,1,0,0,43,0,0.9934,3,19,3,0,0,0,0,0
3,9,1,1,1496,0,0.9936,3,20,3,8,0,17,0,1
2,5,1,1,1403,0,0.9936,3,20,3,4,0,11,0,1
3,7,1,1,1714,0,0.9936,3,20,3,7,0,23,0,1
4,7,1,1,1769,0,0.9936,3,20,3,6,0,21,0,1
6,26,1,1,4157,0,0.9936,3,20,3,25,0,46,0,1
6,20,1,1,3349,0,0.9936,3,20,3,21,0,33,0,1
6,19,1,1,3209,0,0.9936,3,20,3,20,0,31,0,1
6,19,1,1,3209,0,0.9936,3,20,3,20,0,32,0,1
0,33,1,1,5663,0,0.9936,3,20,3,34,0,50,0,1
0,16,1,1,3024,0,0.9936,3,20,3,14,0,24,0,1
0,62,1,1,5960,0,0.9936,3,20,3,63,0,71,0,1
2,10,1,1,1906,0,0.9936,3,20,3,9,0,24,0,1
2,8,1,1,2174,0,0.9936,3,20,3,7,0,27,0,1
0,1,0,0,62,0,0.9936,3,20,3,0,0,0,0,0
2,0,1,1,226,0,0.9936,3,20,3,0,0,2,0,1
2,1,1,1,243,0,0.9929,9,20,3,0,0,1,0,1
2,1,1,1,213,0,0.9929,9,20,3,0,0,1,0,1
1,1,1,1,195,0,0.9929,9,20,3,0,0,1,0,1
2,0,1,1,216,0,0.9929,9,20,3,0,0,1,0,1
2,0,1,1,190,0,0.9929,9,20,3,0,0,1,0,1
1,1,1,1,244,0,0.9929,9,20,3,0,0,2,0,1
2,0,1,1,289,0,0.9929,9,20,3,0,0,2,0,1
2,1,1,1,226,0,0.9929,9,20,3,0,0,1,0,1
2,0,1,1,208,0,0.9929,9,20,3,0,0,1,0,1
1,0,1,1,240,0,0.9929,9,20,3,0,0,4,0,1
1,1,1,1,298,0,0.9929,9,20,3,0,0,2,0,1
2,1,1,1,374,0,0.9929,9,20,3,0,0,1,0,1
2,1,1,1,240,0,0.9929,9,20,3,0,0,1,0,1
2,0,1,1,239,0,0.9929,9,20,3,0,0,2,0,1
1,1,1,1,200,0,0.9929,9,20,3,0,0,1,0,1
1,0,1,1,186,0,0.9929,9,20,3,0,0,2,0,1
2,1,1,1,225,0,0.9929,9,20,3,0,0,1,0,1
1,1,1,1,167,0,0.9929,9,20,3,0,0,1,0,1
1,1,1,1,226,0,0.9929,9,20,3,0,0,2,0,1
2,1,1,1,254,0,0.9929,9,20,3,0,0,1,0,1
1,0,1,1,165,0,0.9929,9,20,3,0,0,1,0,1
2,0,1,1,314,0,0.9929,9,20,3,0,0,3,0,1
0,4,1,0,321,0,0.9928,9,21,3,3,0,3,0,1
2,0,1,1,229,0,0.9928,9,21,3,0,0,2,0,1
1,1,1,1,224,0,0.9928,9,21,3,0,0,1,0,1
2,0,1,1,204,0,0.9928,9,21,3,0,0,1,0,1
2,1,1,1,251,0,0.9928,9,21,3,0,0,1,0,1
2,1,1,1,212,0,0.9928,9,21,3,0,0,1,0,1
0,0,1,1,169,0,0.9928,9,21,3,0,0,2,0,1
3,0,1,1,427,0,0.9928,9,21,3,0,0,3,0,1
1,1,1,1,386,0,0.9928,9,21,3,0,0,4,0,1
0,0,1,1,121,0,0.9928,9,21,3,0,0,1,0,1
0,2,1,1,332,0,0.9928,9,21,3,1,0,5,0,1
0,3,1,0,395,0,0.9928,9,21,3,3,0,3,0,1
3,0,1,1,246,0,0.9928,9,21,3,0,0,1,0,1
2,1,1,1,478,0,0.9928,9,21,3,0,0,1,0,1
1,1,1,1,187,0,0.9928,9,21,3,0,0,1,0,1
0,1,1,1,177,0,0.9928,9,21,3,0,0,2,0,1
0,2,1,0,231,0,0.9928,9,21,3,2,0,2,0,1
1,0,1,1,178,0,0.9928,9,21,3,0,0,1,0,1
0,3,1,0,281,0,0.9928,9,21,3,3,0,3,0,1
1,1,1,1,191,0,0.9928,9,21,3,0,0,1,0,1
1,0,1,1,167,0,0.9928,9,21,3,0,0,1,0,1
2,0,1,1,395,0,0.9928,9,21,3,0,0,4,0,1
0,4,1,0,362,0,0.9928,9,21,3,4,0,4,0,1
0,2,1,0,331,0,0.9928,9,21,3,4,0,4,0,1
1,3,1,0,348,0,0.9928,9,21,3,2,0,2,0,1
1,2,1,1,309,0,0.9928,9,21,3,2,0,2,0,1
0,3,1,0,414,0,0.9928,9,21,3,3,0,3,0,1
0,4,1,1,663,0,0.9928,9,21,3,3,0,3,0,1
0,0,1,1,180,0,0.9928,9,21,3,0,0,2,0,1
0,4,1,0,458,0,0.9928,9,21,3,3,0,2,0,1
0,3,1,1,410,0,0.9928,9,21,3,3,0,6,0,1
0,4,1,1,564,0,0.9928,9,21,3,3,0,6,0,1
2,1,1,0,205,0,0.9928,9,21,3,0,0,0,0,1
1,4,1,1,629,0,0.9928,9,21,3,5,0,5,0,1
2,5,1,1,622,0,0.9915,9,21,3,5,0,4,0,1
1,1,1,1,252,0,0.9915,9,21,3,0,0,2,0,1
0,1,1,0,167,0,0.9915,9,21,3,1,0,1,0,1
0,1,1,1,160,0,0.9915,9,21,3,1,0,1,0,1
0,2,1,1,203,0,0.9915,9,21,3,2,0,1,0,1
0,1,1,0,165,0,0.9915,9,21,3,1,0,1,0,1
0,3,1,0,447,0,0.9915,9,21,3,3,0,3,0,1
0,0,1,1,188,0,0.9915,9,21,3,0,0,2,0,1
0,4,1,0,535,0,0.9915,9,21,3,4,0,4,0,1
0,3,1,0,307,0,0.9915,9,21,3,3,0,3,0,1
0,3,1,0,550,0,0.9915,9,21,3,3,0,3,0,1
0,6,1,0,536,0,0.9915,9,21,3,5,0,5,0,1
0,4,1,0,548,0,0.9915,9,21,3,4,0,4,0,1
0,3,1,0,285,0,0.9915,9,21,3,3,0,3,0,1
1,3,1,0,711,0,0.9915,9,21,3,3,0,3,0,1
0,5,1,0,718,0,0.9915,9,21,3,5,0,5,0,1
0,2,1,1,470,0,0.9915,9,21,3,3,0,6,0,1
0,3,1,1,364,0,0.9915,9,21,3,3,0,7,0,1
2,1,1,1,404,0,0.9915,9,21,3,0,0,4,0,1
0,4,1,0,351,0,0.9915,9,21,3,3,0,3,0,1
4,0,1,1,423,0,0.9915,9,21,3,0,0,4,0,1
0,4,1,0,495,0,0.9915,9,21,3,4,0,4,0,1
0,0,1,1,272,0,0.9915,9,21,3,0,0,5,0,1
0,4,1,0,515,0,0.9915,9,21,3,4,0,3,0,1
0,3,1,0,728,0,0.9915,9,21,3,3,0,3,0,1
0,6,1,0,593,0,0.9915,9,21,3,5,0,5,0,1
3,1,1,1,743,0,0.9915,9,21,3,0,0,5,0,1
1,1,1,1,677,0,0.9905,10,21,3,1,0,3,0,1
2,1,1,1,556,0,0.9905,10,21,3,0,0,2,0,1
1,0,1,1,1469,0,0.9905,10,21,3,0,0,21,0,1
0,4,1,1,540,0,0.9905,10,21,3,4,0,8,0,1
1,1,1,1,557,0,0.9905,10,21,3,0,0,4,0,1
2,2,1,1,712,0,0.9905,10,21,3,1,0,7,0,1
2,1,1,1,477,0,0.9905,10,21,3,0,0,2,0,1
0,3,1,0,350,0,0.9905,10,21,3,3,0,3,0,1
3,1,1,1,1044,0,0.9905,10,21,3,0,0,8,0,1
0,0,1,1,213,0,0.9905,10,21,3,0,0,5,0,1
1,0,1,1,330,0,0.9905,10,21,3,0,0,6,0,1
3,0,1,1,570,0,0.9905,10,21,3,0,0,6,0,1
4,1,1,1,1009,0,0.9905,10,21,3,0,0,9,0,1
3,3,1,1,907,0,0.9905,10,21,3,2,0,9,0,1
0,4,1,0,359,0,0.9905,10,21,3,4,0,4,0,1
0,4,1,1,559,0,0.9905,10,21,3,1,0,4,0,1
0,5,1,0,676,0,0.9905,10,21,3,5,0,5,0,1
0,0,1,0,326,0,0.9905,10,21,3,0,0,2,0,1
0,5,1,0,669,0,0.9905,10,21,3,5,0,5,0,1
4,7,1,1,1182,0,0.9905,10,21,3,5,0,8,0,1
0,4,1,0,839,0,0.9905,10,21,3,4,0,4,0,1
6,2,1,1,2343,0,0.9905,10,21,3,2,0,13,0,1
0,6,1,0,720,0,0.9905,10,21,3,5,0,5,0,1
0,4,1,0,400,0,0.9905,10,21,3,4,0,4,0,1
5,0,1,1,710,0,0.9904,10,21,3,0,0,7,0,1
3,1,1,1,502,0,0.9903,10,21,3,0,0,3,0,1
0,5,1,1,662,0,0.9903,10,21,3,5,0,10,0,1
0,1,1,1,183,0,0.9903,10,21,3,1,0,1,0,1
2,2,1,1,845,0,0.9903,10,21,3,1,0,5,0,1
2,1,1,1,800,0,0.9903,10,21,3,1,0,7,0,1
3,0,1,1,309,0,0.9903,10,21,3,0,0,3,0,1
0,6,1,1,813,0,0.9903,10,21,3,7,0,8,0,1
0,4,1,1,881,0,0.9903,10,21,3,3,0,7,0,1
0,1,1,1,249,0,0.9903,10,21,3,2,0,1,0,1
0,1,1,1,192,0,0.9903,10,21,3,1,0,1,0,1
3,1,1,1,495,0,0.9903,10,21,3,1,0,4,0,1
0,1,1,0,178,0,0.9903,10,21,3,1,0,1,0,1
0,1,1,0,225,0,0.9903,10,21,3,1,0,1,0,1
0,1,1,0,173,0,0.9898,10,21,3,1,0,1,0,1
0,1,1,0,157,0,0.9898,10,21,3,1,0,1,0,1
2,1,1,1,393,0,0.9898,10,21,3,0,0,4,0,1
4,0,1,1,323,0,0.9898,10,21,3,0,0,3,0,1
3,1,1,1,876,0,0.9898,10,21,3,0,0,9,0,1
2,0,1,1,243,0,0.9898,10,21,3,0,0,3,0,1
2,0,1,1,266,0,0.9898,10,21,3,0,0,2,0,1
0,1,1,0,146,0,0.9898,10,21,3,1,0,1,0,1
0,1,1,1,211,0,0.9898,10,21,3,1,0,1,0,1
4,0,1,1,335,0,0.9898,10,21,3,0,0,3,0,1
2,0,1,1,343,0,0.9898,10,21,3,0,0,4,0,1
3,0,1,1,298,0,0.9898,10,21,3,0,0,3,0,1
0,5,1,0,633,0,0.9898,10,21,3,5,0,5,0,1
2,0,1,1,250,0,0.9898,10,21,3,0,0,3,0,1
2,0,1,1,259,0,0.9898,10,21,3,0,0,2,0,1
4,0,1,1,318,0,0.9898,10,21,3,0,0,3,0,1
0,5,1,0,720,0,0.9898,10,21,3,5,0,4,0,1
0,5,1,0,1131,0,0.9898,10,21,3,5,0,5,0,1
0,7,1,0,896,0,0.9898,10,21,3,6,0,6,0,1
0,3,1,0,338,0,0.9897,12,21,3,3,0,3,0,1
0,6,1,1,756,0,0.9897,12,21,3,6,0,12,0,1
2,3,1,1,1033,0,0.9897,12,21,3,2,0,6,0,1
1,1,1,1,366,0,0.9897,12,21,3,0,0,3,0,1
0,8,1,1,976,0,0.9897,12,21,3,9,0,9,0,1
0,4,1,1,906,0,0.9897,12,21,3,3,0,7,0,1
0,6,1,0,433,0,0.9897,12,21,3,5,0,5,0,1
3,0,1,1,592,0,0.9897,12,21,3,0,0,6,0,1
0,2,1,1,320,0,0.9897,12,21,3,2,0,4,0,1
0,4,1,0,350,0,0.9897,12,21,3,3,0,3,0,1
0,6,1,0,737,0,0.9897,12,21,3,6,0,6,0,1
0,0,1,1,319,0,0.9897,12,21,3,2,0,5,0,1
0,6,1,0,803,0,0.9897,12,21,3,6,0,5,0,1
6,3,1,1,1146,0,0.9897,12,21,3,2,0,6,0,1
0,5,1,0,1161,0,0.9897,12,21,3,5,0,5,0,1
0,1,1,1,166,0,0.9897,12,21,3,1,0,1,0,1
0,1,1,0,135,0,0.9897,12,21,3,1,0,1,0,1
0,1,1,0,166,0,0.9897,12,21,3,1,0,1,0,1
0,1,1,1,210,0,0.9897,12,21,3,1,0,1,0,1
0,8,1,0,997,0,0.9897,12,21,3,7,0,7,0,1
0,1,1,1,216,0,0.9897,12,21,3,2,0,1,0,1
0,1,1,0,174,0,0.9897,12,21,3,1,0,1,0,1
0,1,1,0,210,0,0.9897,12,21,3,2,0,1,0,1
0,3,1,0,337,0,0.9897,12,21,3,3,0,3,0,1
0,1,1,0,195,0,0.9897,12,21,3,1,0,1,0,1
0,1,1,1,248,0,0.9897,12,21,3,2,0,1,0,1
0,1,1,0,219,0,0.9897,12,21,3,1,0,1,0,1
3,4,1,1,1305,0,0.9897,12,21,3,3,0,7,0,1
2,4,1,1,1071,0,0.9897,12,21,3,4,0,10,0,1
0,3,1,0,405,0,0.9897,12,21,3,3,0,3,0,1
0,10,1,1,1205,0,0.9897,12,21,3,11,0,10,0,1
0,5,1,1,1106,0,0.9897,12,21,3,4,0,8,0,1
0,3,1,0,355,0,0.9897,12,21,3,3,0,3,0,1
0,8,1,0,895,0,0.99,12,21,3,8,0,8,0,1
0,25,1,0,4479,0,0.99,12,21,3,7,0,14,0,1
6,1,1,1,826,0,0.99,12,21,3,0,0,8,0,1
1,1,1,1,581,0,0.99,12,21,3,0,0,6,0,1
3,0,1,1,293,0,0.99,12,21,3,0,0,2,0,1
3,0,1,1,307,0,0.99,12,21,3,0,0,3,0,1
0,3,1,1,370,0,0.99,12,21,3,3,0,7,0,1
1,0,1,1,347,0,0.99,12,21,3,0,0,4,0,1
3,0,1,1,287,0,0.99,12,21,3,0,0,4,0,1
2,0,1,1,261,0,0.99,12,21,3,0,0,3,0,1
2,1,1,1,561,0,0.99,12,21,3,0,0,3,0,1
3,0,1,1,293,0,0.99,12,21,3,0,0,2,0,1
0,7,1,0,945,0,0.99,12,21,3,7,0,6,0,1
0,1,0,0,47,0,0.99,12,21,3,0,0,0,0,0
0,1,0,0,43,0,0.99,12,21,3,0,0,0,0,0
0,1,0,0,45,0,0.99,12,21,3,0,0,0,0,0
0,1,0,0,42,0,0.99,12,21,3,0,0,0,0,0
0,1,0,0,59,0,0.99,12,21,3,0,0,0,0,0
0,1,0,0,60,0,0.99,12,21,3,0,0,0,0,0
0,1,0,0,58,0,0.99,12,21,3,0,0,0,0,0
0,1,0,0,42,0,0.99,12,21,3,0,0,0,0,0
0,1,0,0,51,0,0.99,12,21,3,0,0,0,0,0
0,1,0,0,59,0,0.99,12,21,3,0,0,0,0,0
0,1,0,0,44,0,0.99,12,21,3,0,0,0,0,0
0,1,0,0,49,0,0.99,12,21,3,0,0,0,0,0
0,1,0,0,58,0,0.99,12,21,3,0,0,0,0,0
0,1,0,0,44,0,0.99,12,21,3,0,0,0,0,0
0,1,0,0,52,0,0.99,12,21,3,0,0,0,0,0
0,1,0,0,60,0,0.99,12,21,3,0,0,0,0,0
0,1,0,0,62,0,0.99,12,21,3,0,0,0,0,0
0,1,0,0,44,0,0.99,12,21,3,0,0,0,0,0
0,1,0,0,58,0,0.99,12,21,3,0,0,0,0,0
0,1,0,0,56,0,0.99,12,21,3,0,0,0,0,0
0,1,0,0,48,0,0.99,12,21,3,0,0,0,0,0
0,1,0,0,47,0,0.99,12,21,3,0,0,0,0,0
0,1,0,0,45,0,0.99,12,21,3,0,0,0,0,0
0,1,0,0,45,0,0.99,12,21,3,0,0,0,0,0
0,1,0,0,45,0,0.99,12,21,3,0,0,0,0,0
0,1,0,0,50,0,0.99,12,21,3,0,0,0,0,0
0,1,0,0,44,0,0.99,12,21,3,0,0,0,0,0
0,1,0,0,47,0,0.99,12,21,3,0,0,0,0,0
0,1,0,0,44,0,0.99,12,21,3,0,0,0,0,0
0,1,0,0,51,0,0.99,12,21,3,0,0,0,0,0
0,1,0,0,53,0,0.99,12,21,3,0,0,0,0,0
0,1,0,0,47,0,0.99,12,21,3,0,0,0,0,0
0,1,0,0,47,0,0.99,12,21,3,0,0,0,0,0
0,1,0,0,44,0,0.99,12,21,3,0,0,0,0,0
0,1,0,0,44,0,0.99,12,21,3,0,0,0,0,0
0,1,0,0,44,0,0.99,12,21,3,0,0,0,0,0
0,1,0,0,43,0,0.99,12,21,3,0,0,0,0,0
0,1,0,0,47,0,0.99,12,21,3,0,0,0,0,0
0,1,0,0,50,0,0.99,12,21,3,0,0,0,0,0
0,1,0,0,47,0,0.99,12,21,3,0,0,0,0,0
0,1,0,0,47,0,0.99,12,21,3,0,0,0,0,0
0,1,0,0,46,0,0.99,12,21,3,0,0,0,0,0
0,1,0,0,41,0,0.99,12,21,3,0,0,0,0,0
0,1,0,0,43,0,0.99,12,21,3,0,0,0,0,0
0,1,0,0,59,0,0.99,12,21,3,0,0,0,0,0
0,1,0,0,53,0,0.99,12,21,3,0,0,0,0,0
0,1,0,0,45,0,0.99,12,21,3,0,0,0,0,0
0,1,0,0,42,0,0.99,12,21,3,0,0,0,0,0
0,1,0,0,52,0,0.99,12,21,3,0,0,0,0,0
0,1,0,0,44,0,0.99,12,21,3,0,0,0,0,0
0,1,0,0,51,0,0.99,12,21,3,0,0,0,0,0
0,1,0,0,52,0,0.99,12,21,3,0,0,0,0,0
0,1,0,0,58,0,0.99,12,21,3,0,0,0,0,0
0,1,0,0,51,0,0.99,12,21,3,0,0,0,0,0
0,1,0,0,42,0,0.99,12,21,3,0,0,0,0,0
0,1,0,0,48,0,0.99,12,21,3,0,0,0,0,0
0,1,0,0,60,0,0.99,12,21,3,0,0,0,0,0
0,1,0,0,41,0,0.99,12,21,3,0,0,0,0,0
0,1,0,0,50,0,0.99,12,21,3,0,0,0,0,0
0,1,0,0,46,0,0.99,12,21,3,0,0,0,0,0
0,1,0,0,41,0,0.99,12,21,3,0,0,0,0,0
0,1,0,0,49,0,0.99,12,21,3,0,0,0,0,0
0,1,0,0,53,0,0.99,12,21,3,0,0,0,0,0
0,1,0,0,47,0,0.99,12,21,3,0,0,0,0,0
0,1,0,0,59,0,0.99,12,21,3,0,0,0,0,0
0,1,0,0,59,0,0.99,12,21,3,0,0,0,0,0
0,1,0,0,53,0,0.99,12,21,3,0,0,0,0,0
0,1,0,0,59,0,0.99,12,21,3,0,0,0,0,0
0,1,0,0,57,0,0.99,12,21,3,0,0,0,0,0
0,1,0,0,42,0,0.99,12,21,3,0,0,0,0,0
0,1,0,0,48,0,0.99,12,21,3,0,0,0,0,0
0,1,0,0,46,0,0.99,12,21,3,0,0,0,0,0
0,1,0,0,45,0,0.99,12,21,3,0,0,0,0,0
0,1,0,0,60,0,0.99,12,21,3,0,0,0,0,0
0,1,0,0,62,0,0.99,12,21,3,0,0,0,0,0
0,1,0,0,56,0,0.99,12,21,3,0,0,0,0,0
0,1,0,0,59,0,0.99,12,21,3,0,0,0,0,0
0,1,0,0,45,0,0.99,12,21,3,0,0,0,0,0
0,1,0,0,50,0,0.99,12,21,3,0,0,0,0,0
0,1,0,0,47,0,0.99,12,21,3,0,0,0,0,0
0,1,0,0,52,0,0.99,12,21,3,0,0,0,0,0
0,1,0,0,47,0,0.99,12,21,3,0,0,0,0,0
0,1,0,0,51,0,0.99,12,21,3,0,0,0,0,0
0,1,0,0,46,0,0.99,12,21,3,0,0,0,0,0
0,1,0,0,43,0,0.99,12,21,3,0,0,0,0,0
0,1,0,0,55,0,0.99,12,21,3,0,0,0,0,0
0,1,0,0,43,0,0.99,12,21,3,0,0,0,0,0
0,1,0,0,45,0,0.99,12,21,3,0,0,0,0,0
0,1,0,0,58,0,0.99,12,21,3,0,0,0,0,0
0,1,0,0,50,0,0.99,12,21,3,0,0,0,0,0
0,1,0,0,45,0,0.99,12,21,3,0,0,0,0,0
0,1,0,0,52,0,0.99,12,21,3,0,0,0,0,0
0,1,0,0,43,0,0.99,12,21,3,0,0,0,0,0
0,1,0,0,46,0,0.99,12,21,3,0,0,0,0,0
0,1,0,0,59,0,0.99,12,21,3,0,0,0,0,0
0,1,0,0,47,0,0.99,12,21,3,0,0,0,0,0
0,1,0,0,50,0,0.99,12,21,3,0,0,0,0,0
8,4,1,1,1427,0,0.9895,11,21,3,3,0,7,0,1
0,7,1,0,1066,0,0.9895,11,21,3,7,0,7,0,1
0,0,1,1,1522,0,0.9895,11,21,3,0,0,12,0,1
3,0,1,1,262,0,0.9895,11,21,3,0,0,2,0,1
1,1,1,1,251,0,0.9895,11,21,3,0,0,2,0,1
5,3,1,1,3283,0,0.9895,11,21,3,0,0,40,0,1
0,9,1,0,1088,0,0.9895,11,21,3,8,0,8,0,1
0,3,1,0,357,0,0.9895,11,21,3,3,0,3,0,1
0,9,1,1,1067,0,0.9895,11,21,3,9,0,18,0,1
1,0,1,1,235,0,0.9895,11,21,3,0,0,3,0,1
0,1,0,0,52,0,0.9895,11,21,3,0,0,0,0,0
0,1,0,0,58,0,0.9895,11,21,3,0,0,0,0,0
0,1,0,0,53,0,0.9895,11,21,3,0,0,0,0,0
0,1,0,0,50,0,0.9895,11,21,3,0,0,0,0,0
0,1,0,0,55,0,0.9895,11,21,3,0,0,0,0,0
0,1,0,0,47,0,0.9895,11,21,3,0,0,0,0,0
0,1,0,0,50,0,0.9895,11,21,3,0,0,0,0,0
0,1,0,0,60,0,0.9895,11,21,3,0,0,0,0,0
0,1,0,0,56,0,0.9895,11,21,3,0,0,0,0,0
0,1,0,0,57,0,0.9895,11,21,3,0,0,0,0,0
0,1,0,0,45,0,0.9895,11,21,3,0,0,0,0,0
0,1,0,0,41,0,0.9895,11,21,3,0,0,0,0,0
0,1,0,0,51,0,0.9895,11,21,3,0,0,0,0,0
0,1,0,0,45,0,0.9895,11,21,3,0,0,0,0,0
0,1,0,0,52,0,0.9895,11,21,3,0,0,0,0,0
0,1,0,0,43,0,0.9895,11,21,3,0,0,0,0,0
0,1,0,0,44,0,0.9895,11,21,3,0,0,0,0,0
0,1,0,0,42,0,0.9895,11,21,3,0,0,0,0,0
0,1,0,0,41,0,0.9895,11,21,3,0,0,0,0,0
0,1,0,0,50,0,0.9895,11,21,3,0,0,0,0,0
0,1,0,0,50,0,0.9895,11,21,3,0,0,0,0,0
0,1,0,0,58,0,0.9895,11,21,3,0,0,0,0,0
0,1,0,0,56,0,0.9895,11,21,3,0,0,0,0,0
0,1,0,0,51,0,0.9895,11,21,3,0,0,0,0,0
0,1,0,0,50,0,0.9895,11,21,3,0,0,0,0,0
0,1,0,0,43,0,0.9895,11,21,3,0,0,0,0,0
0,1,0,0,59,0,0.9895,11,21,3,0,0,0,0,0
0,1,0,0,53,0,0.9895,11,21,3,0,0,0,0,0
0,1,0,0,47,0,0.9895,11,21,3,0,0,0,0,0
0,1,0,0,47,0,0.9895,11,21,3,0,0,0,0,0
0,1,0,0,43,0,0.9895,11,21,3,0,0,0,0,0
0,1,0,0,51,0,0.9895,11,21,3,0,0,0,0,0
0,1,0,0,44,0,0.9895,11,21,3,0,0,0,0,0
0,1,0,0,52,0,0.9895,11,21,3,0,0,0,0,0
0,1,0,0,45,0,0.9895,11,21,3,0,0,0,0,0
0,1,0,0,52,0,0.9895,11,21,3,0,0,0,0,0
0,1,0,0,47,0,0.9895,11,21,3,0,0,0,0,0
0,1,0,0,56,0,0.9895,11,21,3,0,0,0,0,0
0,1,0,0,47,0,0.9895,11,21,3,0,0,0,0,0
0,1,0,0,49,0,0.9895,11,21,3,0,0,0,0,0
0,1,0,0,42,0,0.9895,11,21,3,0,0,0,0,0
0,1,0,0,52,0,0.9895,11,21,3,0,0,0,0,0
0,1,0,0,49,0,0.9895,11,21,3,0,0,0,0,0
0,1,0,0,52,0,0.9895,11,21,3,0,0,0,0,0
0,1,0,0,46,0,0.9895,11,21,3,0,0,0,0,0
0,1,0,0,55,0,0.9895,11,21,3,0,0,0,0,0
0,1,0,0,44,0,0.9895,11,21,3,0,0,0,0,0
0,1,0,0,50,0,0.9895,11,21,3,0,0,0,0,0
0,1,0,0,46,0,0.9895,11,21,3,0,0,0,0,0
0,1,0,0,50,0,0.9895,11,21,3,0,0,0,0,0
0,1,0,0,57,0,0.9895,11,21,3,0,0,0,0,0
0,1,0,0,51,0,0.9895,11,21,3,0,0,0,0,0
0,1,0,0,46,0,0.9895,11,21,3,0,0,0,0,0
0,1,0,0,59,0,0.9895,11,21,3,0,0,0,0,0
0,1,0,0,56,0,0.9895,11,21,3,0,0,0,0,0
0,1,0,0,46,0,0.9895,11,21,3,0,0,0,0,0
0,1,0,0,51,0,0.9895,11,21,3,0,0,0,0,0
0,1,0,0,56,0,0.9895,11,21,3,0,0,0,0,0
0,1,0,0,44,0,0.9895,11,21,3,0,0,0,0,0
0,1,0,0,60,0,0.9895,11,21,3,0,0,0,0,0
0,1,0,0,60,0,0.9895,11,21,3,0,0,0,0,0
0,1,0,0,57,0,0.9895,11,21,3,0,0,0,0,0
0,1,0,0,44,0,0.9895,11,21,3,0,0,0,0,0
0,1,0,0,41,0,0.9895,11,21,3,0,0,0,0,0
0,1,0,0,51,0,0.9895,11,21,3,0,0,0,0,0
0,1,0,0,57,0,0.9895,11,21,3,0,0,0,0,0
0,1,0,0,47,0,0.9895,11,21,3,0,0,0,0,0
0,1,0,0,46,0,0.9895,11,21,3,0,0,0,0,0
0,1,0,0,57,0,0.9895,11,21,3,0,0,0,0,0
0,1,0,0,58,0,0.9895,11,21,3,0,0,0,0,0
1,1,1,1,232,0,0.9895,11,22,3,0,0,2,0,1
3,5,1,1,1519,0,0.9895,11,22,3,4,0,8,0,1
2,6,1,1,1203,0,0.9895,11,22,3,6,0,12,0,1
0,12,1,1,1303,0,0.9895,11,22,3,13,0,11,0,1
0,6,1,1,1269,0,0.9895,11,22,3,5,0,9,0,1
4,1,1,1,834,0,0.9895,11,22,3,0,0,4,0,1
0,9,1,0,994,0,0.9895,11,22,3,9,0,9,0,1
0,8,1,0,1109,0,0.9895,11,22,3,8,0,7,0,1
10,5,1,1,1721,0,0.9895,11,22,3,4,0,8,0,1
0,7,1,0,1521,0,0.9895,11,22,3,7,0,7,0,1
0,10,1,0,1169,0,0.9895,11,22,3,9,0,9,0,1
3,1,1,1,633,0,0.9895,11,22,3,0,0,6,0,1
4,1,1,1,651,0,0.9895,11,22,3,0,0,7,0,1
2,1,1,1,1217,0,0.9895,11,22,3,0,0,12,0,1
3,1,1,1,878,0,0.9895,11,22,3,0,0,9,0,1
0,11,1,1,1235,0,0.9895,11,22,3,11,0,22,0,1
0,4,1,0,516,0,0.9895,11,22,3,4,0,4,0,1
0,1,0,0,59,0,0.9895,11,22,3,0,0,0,0,0
0,1,0,0,59,0,0.9895,11,22,3,0,0,0,0,0
0,1,0,0,43,0,0.9895,11,22,3,0,0,0,0,0
0,1,0,0,44,0,0.9895,11,22,3,0,0,0,0,0
0,1,0,0,58,0,0.9895,11,22,3,0,0,0,0,0
0,1,0,0,48,0,0.9895,11,22,3,0,0,0,0,0
0,1,0,0,50,0,0.9895,11,22,3,0,0,0,0,0
0,1,0,0,58,0,0.9895,11,22,3,0,0,0,0,0
0,1,0,0,46,0,0.9895,11,22,3,0,0,0,0,0
0,1,0,0,41,0,0.9895,11,22,3,0,0,0,0,0
0,1,0,0,45,0,0.9895,11,22,3,0,0,0,0,0
0,1,0,0,49,0,0.9895,11,22,3,0,0,0,0,0
0,1,0,0,42,0,0.9895,11,22,3,0,0,0,0,0
0,1,0,0,41,0,0.9895,11,22,3,0,0,0,0,0
0,1,0,0,48,0,0.9895,11,22,3,0,0,0,0,0
0,1,0,0,47,0,0.9895,11,22,3,0,0,0,0,0
0,1,0,0,44,0,0.9895,11,22,3,0,0,0,0,0
0,1,0,0,53,0,0.9895,11,22,3,0,0,0,0,0
0,1,0,0,42,0,0.9895,11,22,3,0,0,0,0,0
0,1,0,0,59,0,0.9895,11,22,3,0,0,0,0,0
0,1,0,0,43,0,0.9895,11,22,3,0,0,0,0,0
0,1,0,0,50,0,0.9895,11,22,3,0,0,0,0,0
0,1,0,0,53,0,0.9895,11,22,3,0,0,0,0,0
0,1,0,0,57,0,0.9895,11,22,3,0,0,0,0,0
0,1,0,0,61,0,0.9895,11,22,3,0,0,0,0,0
0,1,0,0,45,0,0.9895,11,22,3,0,0,0,0,0
0,1,0,0,49,0,0.9895,11,22,3,0,0,0,0,0
0,1,0,0,44,0,0.9895,11,22,3,0,0,0,0,0
0,1,0,0,60,0,0.9895,11,22,3,0,0,0,0,0
0,1,0,0,56,0,0.9895,11,22,3,0,0,0,0,0
0,1,0,0,62,0,0.9895,11,22,3,0,0,0,0,0
0,1,0,0,47,0,0.9895,11,22,3,0,0,0,0,0
0,1,0,0,59,0,0.9895,11,22,3,0,0,0,0,0
0,1,0,0,50,0,0.9895,11,22,3,0,0,0,0,0
0,1,0,0,43,0,0.9895,11,22,3,0,0,0,0,0
0,1,0,0,45,0,0.9895,11,22,3,0,0,0,0,0
0,1,0,0,43,0,0.9895,11,22,3,0,0,0,0,0
0,1,0,0,43,0,0.9895,11,22,3,0,0,0,0,0
0,1,0,0,41,0,0.9895,11,22,3,0,0,0,0,0
0,1,0,0,57,0,0.9895,11,22,3,0,0,0,0,0
0,1,0,0,52,0,0.9895,11,22,3,0,0,0,0,0
0,1,0,0,47,0,0.9895,11,22,3,0,0,0,0,0
0,1,0,0,62,0,0.9895,11,22,3,0,0,0,0,0
0,1,0,0,52,0,0.9895,11,22,3,0,0,0,0,0
0,1,0,0,43,0,0.9895,11,22,3,0,0,0,0,0
0,1,0,0,50,0,0.9895,11,22,3,0,0,0,0,0
2,0,1,1,258,0,0.9899,11,22,3,0,0,2,0,1
2,5,1,0,887,0,0.9899,11,22,3,0,0,4,0,1
2,0,1,1,223,0,0.9899,11,22,3,0,0,2,0,1
4,6,1,1,1779,0,0.9899,11,22,3,5,0,9,0,1
2,0,1,1,276,0,0.9899,11,22,3,0,0,2,0,1
4,7,1,1,1362,0,0.9899,11,22,3,7,0,13,0,1
0,17,1,1,1763,0,0.9899,11,22,3,18,0,12,0,1
0,7,1,1,1451,0,0.9899,11,22,3,6,0,10,0,1
2,0,1,1,261,0,0.9899,11,22,3,0,0,2,0,1
2,0,1,1,243,0,0.9899,11,22,3,0,0,2,0,1
0,10,1,0,1146,0,0.9899,11,22,3,10,0,10,0,1
0,9,1,0,1318,0,0.9899,11,22,3,9,0,8,0,1
12,6,1,1,1985,0,0.9899,11,22,3,5,0,9,0,1
0,8,1,0,1650,0,0.9899,11,22,3,8,0,8,0,1
0,12,1,0,1383,0,0.9899,11,22,3,11,0,11,0,1
0,13,1,1,1476,0,0.9899,11,22,3,13,0,26,0,1
0,1,0,0,55,0,0.9899,11,22,3,0,0,0,0,0
0,1,0,0,59,0,0.9899,11,22,3,0,0,0,0,0
0,1,0,0,46,0,0.9899,11,22,3,0,0,0,0,0
0,1,0,0,43,0,0.9899,11,22,3,0,0,0,0,0
0,1,0,0,46,0,0.9899,11,22,3,0,0,0,0,0
0,1,0,0,55,0,0.9899,11,22,3,0,0,0,0,0
0,1,0,0,53,0,0.9899,11,22,3,0,0,0,0,0
0,1,0,0,44,0,0.9899,11,22,3,0,0,0,0,0
0,1,0,0,62,0,0.9899,11,22,3,0,0,0,0,0
0,1,0,0,52,0,0.9899,11,22,3,0,0,0,0,0
0,1,0,0,60,0,0.9899,11,22,3,0,0,0,0,0
0,1,0,0,46,0,0.9899,11,22,3,0,0,0,0,0
0,1,0,0,59,0,0.9899,11,22,3,0,0,0,0,0
0,1,0,0,44,0,0.9899,11,22,3,0,0,0,0,0
0,1,0,0,51,0,0.9899,11,22,3,0,0,0,0,0
0,1,0,0,49,0,0.9899,11,22,3,0,0,0,0,0
0,1,0,0,50,0,0.9899,11,22,3,0,0,0,0,0
0,1,0,0,55,0,0.9899,11,22,3,0,0,0,0,0
0,1,0,0,44,0,0.9899,11,22,3,0,0,0,0,0
0,1,0,0,57,0,0.9899,11,22,3,0,0,0,0,0
0,1,0,0,48,0,0.9899,11,22,3,0,0,0,0,0
0,1,0,0,50,0,0.9899,11,22,3,0,0,0,0,0
0,1,0,0,44,0,0.9899,11,22,3,0,0,0,0,0
0,1,0,0,63,0,0.9899,11,22,3,0,0,0,0,0
0,1,0,0,45,0,0.9899,11,22,3,0,0,0,0,0
0,1,0,0,62,0,0.9899,11,22,3,0,0,0,0,0
0,1,0,0,56,0,0.9899,11,22,3,0,0,0,0,0
0,1,0,0,47,0,0.9899,11,22,3,0,0,0,0,0
0,1,0,0,51,0,0.9899,11,22,3,0,0,0,0,0
0,1,0,0,47,0,0.9899,11,22,3,0,0,0,0,0
0,1,0,0,46,0,0.9899,11,22,3,0,0,0,0,0
0,1,0,0,55,0,0.9899,11,22,3,0,0,0,0,0
0,1,0,0,58,0,0.9899,11,22,3,0,0,0,0,0
0,1,0,0,43,0,0.9899,11,22,3,0,0,0,0,0
0,1,0,0,44,0,0.9899,11,22,3,0,0,0,0,0
5,7,1,1,2032,0,0.9913,7,23,3,6,0,10,0,1
6,9,1,1,1727,0,0.9913,7,23,3,9,0,15,0,1
0,9,1,1,1821,0,0.9913,7,23,3,8,0,12,0,1
2,0,1,1,230,0,0.9913,7,23,3,0,0,2,0,1
0,12,1,0,1395,0,0.9913,7,23,3,12,0,12,0,1
4,0,1,1,997,0,0.9913,7,23,3,0,0,13,0,1
0,10,1,0,1506,0,0.9913,7,23,3,10,0,9,0,1
14,7,1,1,2292,0,0.9913,7,23,3,6,0,10,0,1
4,10,1,0,1645,0,0.9913,7,23,3,10,0,10,0,1
0,14,1,0,1581,0,0.9913,7,23,3,13,0,13,0,1
0,15,1,1,1735,0,0.9913,7,23,3,15,0,30,0,1
9,0,1,1,1589,0,0.9913,7,23,3,0,0,18,0,1
1,1,1,1,251,0,0.9913,7,23,3,0,0,2,0,1
2,0,1,1,215,0,0.9913,7,23,3,0,0,2,0,1
7,9,1,1,2548,0,0.9913,7,23,3,8,0,12,0,1
1,0,1,1,312,0,0.9913,7,23,3,0,0,6,0,1
1,1,1,1,262,0,0.9913,7,23,3,0,0,1,0,1
1,1,1,1,190,0,0.9913,7,23,3,0,0,1,0,1
1,0,1,1,259,0,0.9913,7,23,3,0,0,2,0,1
1,0,1,1,204,0,0.9913,7,23,3,0,0,1,0,1
1,0,1,1,255,0,0.9913,7,23,3,0,0,5,0,1
1,0,1,1,198,0,0.9913,7,23,3,0,0,2,0,1
1,0,1,1,181,0,0.9913,7,23,3,0,0,1,0,1
0,1,0,0,53,0,0.9913,7,23,3,0,0,0,0,0
0,1,0,0,51,0,0.9913,7,23,3,0,0,0,0,0
0,1,0,0,56,0,0.9913,7,23,3,0,0,0,0,0
0,1,0,0,58,0,0.9913,7,23,3,0,0,0,0,0
0,1,0,0,52,0,0.9913,7,23,3,0,0,0,0,0
0,1,0,0,51,0,0.9913,7,23,3,0,0,0,0,0
0,1,0,0,46,0,0.9913,7,23,3,0,0,0,0,0
0,1,0,0,49,0,0.9913,7,23,3,0,0,0,0,0
0,1,0,0,48,0,0.9913,7,23,3,0,0,0,0,0
0,1,0,0,58,0,0.9913,7,23,3,0,0,0,0,0
0,1,0,0,48,0,0.9913,7,23,3,0,0,0,0,0
0,1,0,0,49,0,0.9913,7,23,3,0,0,0,0,0
0,1,0,0,45,0,0.9913,7,23,3,0,0,0,0,0
0,1,0,0,45,0,0.9913,7,23,3,0,0,0,0,0
0,1,0,0,47,0,0.9913,7,23,3,0,0,0,0,0
0,1,0,0,48,0,0.9913,7,23,3,0,0,0,0,0
0,1,0,0,47,0,0.9913,7,23,3,0,0,0,0,0
0,1,0,0,52,0,0.9913,7,23,3,0,0,0,0,0
0,1,0,0,52,0,0.9913,7,23,3,0,0,0,0,0
0,1,0,0,51,0,0.9913,7,23,3,0,0,0,0,0
0,1,0,0,59,0,0.9913,7,23,3,0,0,0,0,0
0,1,0,0,55,0,0.9913,7,23,3,0,0,0,0,0
0,1,0,0,55,0,0.9913,7,23,3,0,0,0,0,0
0,1,0,0,62,0,0.9913,7,23,3,0,0,0,0,0
0,1,0,0,46,0,0.9913,7,23,3,0,0,0,0,0
0,1,0,0,46,0,0.9913,7,23,3,0,0,0,0,0
0,1,0,0,59,0,0.9913,7,23,3,0,0,0,0,0
0,1,0,0,52,0,0.9913,7,23,3,0,0,0,0,0
0,1,0,0,58,0,0.9913,7,23,3,0,0,0,0,0
0,1,0,0,44,0,0.9202,7,23,3,0,0,0,0,0
0,1,0,0,46,0,0.9202,7,23,3,0,0,0,0,0
0,1,0,0,43,0,0.9202,7,23,3,0,0,0,0,0
0,1,0,0,58,0,0.9202,7,23,3,0,0,0,0,0
0,1,0,0,44,0,0.9202,7,23,3,0,0,0,0,0
0,1,0,0,57,0,0.9202,7,23,3,0,0,0,0,0
0,1,0,0,60,0,0.9202,7,23,3,0,0,0,0,0
0,1,0,0,51,0,0.9202,7,23,3,0,0,0,0,0
0,1,0,0,51,0,0.9202,7,23,3,0,0,0,0,0
0,1,0,0,59,0,0.9202,7,23,3,0,0,0,0,0
0,1,0,0,52,0,0.9202,7,23,3,0,0,0,0,0
0,1,0,0,43,0,0.9202,7,23,3,0,0,0,0,0
0,1,0,0,58,0,0.9202,7,23,3,0,0,0,0,0
0,1,0,0,45,0,0.9202,7,23,3,0,0,0,0,0
0,1,0,0,48,0,0.9202,7,23,3,0,0,0,0,0
0,1,0,0,44,0,0.9202,7,23,3,0,0,0,0,0
0,1,0,0,47,0,0.9202,7,23,3,0,0,0,0,0
0,1,0,0,44,0,0.9202,7,23,3,0,0,0,0,0
0,1,0,0,44,0,0.9202,7,23,3,0,0,0,0,0
4,1,1,1,1968,0,0.9644,7,23,3,0,0,10,0,1
4,1,1,1,824,0,0.9644,7,23,3,0,0,3,0,1
5,1,1,1,759,0,0.9644,7,23,3,0,0,6,0,1
5,1,1,1,1385,0,0.9644,7,23,3,0,0,6,0,1
0,1,0,0,53,0,0.9644,7,23,3,0,0,0,0,0
0,1,0,0,52,0,0.9644,7,23,3,0,0,0,0,0
0,1,0,0,44,0,0.9644,7,23,3,0,0,0,0,0
0,1,0,0,44,0,0.9644,7,23,3,0,0,0,0,0
0,1,0,0,51,0,0.9644,7,23,3,0,0,0,0,0
0,1,0,0,62,0,0.9644,7,23,3,0,0,0,0,0
0,1,0,0,60,0,0.9644,7,23,3,0,0,0,0,0
1,1,1,1,284,0,0.9644,5,23,3,0,0,4,0,1
2,1,1,1,310,0,0.9644,5,23,3,0,0,3,0,1
0,1,0,0,58,0,0.9644,5,23,3,0,0,0,0,0
0,1,0,0,59,0,0.9644,5,23,3,0,0,0,0,0
0,1,0,0,46,0,0.9644,5,23,3,0,0,0,0,0
0,1,0,0,47,0,0.9644,5,23,3,0,0,0,0,0
0,1,0,0,47,0,0.9644,5,23,3,0,0,0,0,0
0,1,0,0,42,0,0.9644,5,23,3,0,0,0,0,0
0,1,0,0,48,0,0.9643,5,0,4,0,0,0,1,0
0,1,0,0,47,0,0.9643,5,0,4,0,0,0,1,0
0,1,0,0,58,0,0.9643,5,0,4,0,0,0,1,0
0,1,0,0,45,0,0.9643,5,0,4,0,0,0,1,0
0,1,0,0,54,0,0.9643,5,0,4,0,0,0,1,0
0,1,0,0,62,0,0.9643,5,0,4,0,0,0,1,0
8,1,1,1,1299,0,0.9643,5,0,4,0,0,18,1,1
7,1,1,1,1702,0,0.9643,5,0,4,0,0,22,1,1
2,1,1,1,315,0,0.9643,5,0,4,0,0,3,1,1
0,1,0,0,48,0,0.9643,5,0,4,0,0,0,1,0
0,1,0,0,49,0,0.9643,5,0,4,0,0,0,1,0
0,1,0,0,45,0,0.9643,5,0,4,0,0,0,1,0
5,1,1,1,2280,0,0.9647,2,0,4,0,0,14,1,1
5,0,1,1,1513,0,0.9647,2,0,4,1,0,25,1,1
2,1,1,1,333,0,0.9647,2,0,4,0,0,3,1,1
4,1,1,1,1725,0,0.9647,2,0,4,0,0,18,1,1
6,0,1,1,1331,0,0.9647,2,0,4,0,0,19,1,1
8,2,1,1,2352,0,0.9647,2,0,4,0,0,25,1,1
3,0,1,1,376,0,0.9647,2,0,4,0,0,3,1,1
4,1,1,1,1222,0,0.9647,2,0,4,0,0,8,1,1
1,1,1,0,4476,0,0.9647,2,0,4,0,0,104,1,1
4,1,1,1,1525,0,0.9647,2,0,4,0,0,13,1,1
3,1,1,1,383,0,0.9647,2,0,4,0,0,3,1,1
2,1,1,1,376,0,0.9647,2,0,4,0,0,1,1,1
4,1,1,1,1184,0,0.9647,2,0,4,0,0,13,1,1
6,1,1,1,2166,0,0.9647,2,0,4,0,0,29,1,1
3,0,1,1,339,0,0.9647,2,0,4,0,0,4,1,1
6,0,1,1,3260,0,0.9647,2,0,4,4,0,52,1,1
4,1,1,1,1517,0,0.9647,2,0,4,0,0,19,1,1
4,0,1,1,1772,0,0.9647,2,0,4,0,0,17,1,1
2,2,1,1,1286,0,0.9647,2,0,4,0,0,11,1,1
7,0,1,1,2531,0,0.9647,2,0,4,0,0,41,1,1
5,5,1,1,2742,0,0.9647,2,0,4,0,0,22,1,1
9,1,1,1,3796,0,0.9647,2,0,4,0,0,14,1,1
4,2,1,1,2543,0,0.9647,2,0,4,1,0,32,1,1
4,1,1,1,1728,0,0.9647,2,0,4,0,0,15,1,1
5,0,1,1,2048,0,0.9647,2,0,4,0,0,31,1,1
7,4,1,1,2269,0,0.9647,2,0,4,4,0,14,1,1
5,0,1,1,2110,0,0.9647,2,0,4,0,0,32,1,1
4,1,1,1,1782,0,0.9647,2,0,4,0,0,15,1,1
7,0,1,1,2752,0,0.9647,2,0,4,0,0,44,1,1
6,11,1,1,4793,0,0.9647,2,0,4,3,0,47,1,1
4,2,1,1,2172,0,0.9647,2,0,4,1,0,35,1,1
5,0,1,1,2202,0,0.9647,2,0,4,0,0,22,1,1
4,1,1,1,2661,0,0.9647,2,0,4,0,0,31,1,1
0,1,0,0,51,0,0.9647,2,0,4,0,0,0,1,0
0,1,0,0,58,0,0.9647,1,0,4,0,0,0,1,0
0,0,0,0,1704,0,0.9662,12,13,4,0,0,25,0,1
2,0,1,1,396,0,0.9678,11,13,4,0,0,6,0,1
3,1,1,1,750,0,0.9678,11,13,4,0,0,5,0,1
3,0,1,1,440,0,0.9678,11,13,4,0,0,6,0,1
2,1,1,1,1068,0,0.9678,11,13,4,0,0,5,0,1
0,0,1,1,385,0,0.9678,11,13,4,0,0,8,0,1
3,1,1,1,920,0,0.9759,11,14,4,0,0,4,1,1
2,1,1,1,1097,0,0.9759,11,14,4,0,0,8,1,1
4,1,1,1,839,0,0.9787,10,14,4,0,0,6,1,1
2,1,1,1,921,0,0.9812,10,14,4,0,0,9,1,1
2,1,1,1,494,0,0.9852,10,14,4,0,0,2,1,1
4,1,1,1,444,0,0.9852,10,14,4,0,0,3,1,1
3,2,1,1,533,0,0.9852,10,14,4,1,0,3,1,1
3,1,1,1,674,0,0.9852,10,14,4,0,0,2,1,1
6,1,1,1,1336,0,0.9852,10,14,4,0,0,9,1,1
4,1,1,1,896,0,0.9852,10,14,4,0,0,10,1,1
4,1,1,1,1174,0,0.9852,10,14,4,0,0,13,1,1
4,1,1,1,1258,0,0.9852,10,14,4,0,0,13,1,1
4,1,1,1,1330,0,0.9852,10,14,4,0,0,13,1,1
6,1,1,1,1597,0,0.9852,10,14,4,0,0,14,1,1
0,9,0,0,1721,0,0.9852,10,14,4,21,0,21,1,1
3,2,1,1,538,0,0.9852,10,14,4,0,0,3,1,1
6,1,1,1,1498,0,0.9855,10,14,4,0,0,22,1,1
7,2,1,1,1056,0,0.9874,9,14,4,1,0,13,1,1
3,1,1,1,492,0,0.9874,9,14,4,0,0,4,1,1
3,2,1,1,705,0,0.9874,9,14,4,0,0,4,1,1
4,0,1,1,871,0,0.9874,9,14,4,0,0,11,1,1
5,1,1,1,595,0,0.9874,9,14,4,0,0,6,1,1
3,1,1,1,924,0,0.9874,9,14,4,0,0,8,1,1
2,1,1,1,724,0,0.9874,9,14,4,0,0,8,1,1
4,1,1,1,543,0,0.9888,9,14,4,0,0,6,1,1
4,1,1,1,562,0,0.9888,9,14,4,0,0,6,1,1
3,1,1,1,830,0,-0.732,9,15,4,0,0,9,1,1
2,1,1,1,559,0,-0.732,9,15,4,0,0,8,1,1
2,1,1,1,549,0,-0.732,9,15,4,0,0,6,1,1
4,0,1,1,569,0,-0.732,9,15,4,0,0,7,1,1
7,2,1,1,1093,0,-0.732,9,15,4,1,0,12,1,1
2,1,1,1,505,0,-0.732,9,15,4,0,0,5,1,1
4,1,1,1,596,0,-0.732,9,15,4,0,0,7,1,1
3,2,1,1,967,0,-0.732,9,15,4,0,0,7,1,1
3,1,1,1,1114,0,-0.732,9,15,4,0,0,11,1,1
6,1,1,1,1551,0,-0.732,9,15,4,0,0,12,1,1
7,0,1,1,980,0,-0.732,9,15,4,0,0,11,1,1
7,1,1,1,957,0,-0.732,9,15,4,0,0,9,1,1
3,1,1,1,1020,0,-0.732,9,15,4,0,0,9,1,1
8,0,1,1,1778,0,-0.732,9,15,4,0,0,26,1,1
3,1,1,1,935,0,-0.732,9,15,4,0,0,11,1,1
5,2,1,1,876,0,-0.732,9,15,4,0,0,6,1,1
4,2,1,1,1077,0,-0.732,9,15,4,1,0,7,1,1
3,1,1,1,603,0,-0.732,9,15,4,0,0,6,1,1
4,1,1,1,626,0,0.778,9,15,4,0,0,8,1,1
4,1,1,1,857,0,0.778,9,15,4,0,0,11,1,1
5,1,1,1,1131,0,0.778,9,15,4,0,0,13,1,1
5,1,1,1,1427,0,0.9419,5,15,4,0,0,15,1,1
6,3,1,1,1195,0,0.9419,5,15,4,1,0,5,1,1
2,1,1,1,867,0,0.9419,5,15,4,0,0,9,1,1
4,1,1,1,799,0,0.9419,5,15,4,0,0,12,1,1
4,1,1,1,1369,0,0.9419,5,15,4,0,0,13,1,1
4,2,1,1,643,0,0.9419,5,15,4,1,0,4,1,1
2,3,1,0,527,0,0.9419,5,15,4,0,0,0,1,1
4,2,1,1,660,0,0.9419,5,15,4,1,0,3,1,1
4,0,1,1,1003,0,0.9623,3,16,4,0,0,10,1,1
2,0,1,1,727,0,0.9623,3,16,4,0,0,8,1,1
3,4,1,1,1928,0,0.9623,3,16,4,2,0,19,1,1
3,1,1,1,1025,0,0.9623,3,16,4,0,0,9,1,1
0,1,0,0,45,0,0.9623,3,16,4,0,0,0,1,0
0,1,0,0,46,0,0.9623,3,16,4,0,0,0,1,0
0,1,0,0,47,0,0.9623,3,16,4,0,0,0,1,0
0,1,0,0,57,0,0.9623,3,16,4,0,0,0,1,0
0,1,0,0,51,0,0.9623,3,16,4,0,0,0,1,0
0,1,0,0,48,0,0.9623,3,16,4,0,0,0,1,0
0,1,0,0,48,0,0.9623,3,16,4,0,0,0,1,0
0,1,0,0,60,0,0.9623,3,16,4,0,0,0,1,0
0,1,0,0,56,0,0.9623,3,16,4,0,0,0,1,0
0,1,0,0,48,0,0.9623,3,16,4,0,0,0,1,0
0,1,0,0,61,0,0.9623,3,16,4,0,0,0,1,0
0,1,0,0,46,0,0.9623,3,16,4,0,0,0,1,0
0,1,0,0,59,0,0.9623,3,16,4,0,0,0,1,0
0,1,0,0,60,0,0.9623,3,16,4,0,0,0,1,0
2,0,1,1,786,0,0.9624,3,16,4,0,0,12,1,1
3,1,1,1,1272,0,0.9624,3,16,4,0,0,9,1,1
4,1,1,1,884,0,0.9624,3,16,4,0,0,10,1,1
0,1,0,0,58,0,0.9624,3,16,4,0,0,0,1,0
0,1,0,0,42,0,0.9624,3,16,4,0,0,0,1,0
0,1,0,0,53,0,0.9624,3,16,4,0,0,0,1,0
0,1,0,0,63,0,0.9624,3,16,4,0,0,0,1,0
2,1,1,1,1192,0,0.9626,2,16,4,0,0,13,1,1
3,0,1,1,891,0,0.9626,2,16,4,0,0,12,1,1
0,1,0,0,59,0,0.9626,2,16,4,0,0,0,1,0
0,1,0,0,53,0,0.9626,2,16,4,0,0,0,1,0
0,1,0,0,52,0,0.9626,2,16,4,0,0,0,1,0
0,1,0,0,43,0,0.9626,2,16,4,0,0,0,1,0
0,1,0,0,47,0,0.9626,2,16,4,0,0,0,1,0
8,5,1,1,1512,0,0.9629,1,16,4,2,0,8,1,1
1,2,1,1,1374,0,0.9629,1,16,4,1,0,10,1,1
6,1,1,1,1698,0,0.9629,1,16,4,0,0,12,1,1
2,2,1,1,3008,0,0.9629,1,16,4,0,0,14,1,1
0,1,0,0,49,0,0.9629,1,16,4,0,0,0,1,0
0,1,0,0,51,0,0.9629,1,16,4,0,0,0,1,0
0,1,0,0,45,0,0.9629,1,16,4,0,0,0,1,0
0,1,0,0,46,0,0.9629,1,16,4,0,0,0,1,0
0,1,0,0,48,0,0.9629,1,16,4,0,0,0,1,0
0,1,0,0,60,0,0.9629,1,16,4,0,0,0,1,0
0,1,0,0,53,0,0.9629,1,16,4,0,0,0,1,0
0,1,0,0,63,0,0.9629,1,16,4,0,0,0,1,0
0,1,0,0,42,0,0.9629,1,16,4,0,0,0,1,0
0,1,0,0,45,0,0.9629,1,16,4,0,0,0,1,0
0,1,0,0,52,0,0.9629,1,16,4,0,0,0,1,0
0,1,0,0,52,0,0.9629,1,16,4,0,0,0,1,0
0,1,0,0,49,0,0.9629,1,16,4,0,0,0,1,0
0,1,0,0,53,0,0.9629,1,16,4,0,0,0,1,0
0,1,0,0,51,0,0.9629,1,16,4,0,0,0,1,0
0,1,0,0,61,0,0.9629,1,16,4,0,0,0,1,0
0,1,0,0,50,0,0.9629,1,16,4,0,0,0,1,0
0,1,0,0,57,0,0.963,1,16,4,0,0,0,1,0
0,1,0,0,51,0,0.963,1,16,4,0,0,0,1,0
0,1,0,0,47,0,0.963,1,16,4,0,0,0,1,0
0,1,0,0,60,0,0.963,1,16,4,0,0,0,1,0
0,1,0,0,48,0,0.963,1,16,4,0,0,0,1,0
0,1,0,0,56,0,0.963,1,16,4,0,0,0,1,0
0,1,0,0,44,0,0.963,1,16,4,0,0,0,1,0
0,1,0,0,45,0,0.963,1,16,4,0,0,0,1,0
0,1,0,0,43,0,0.963,1,16,4,0,0,0,1,0
0,1,0,0,47,0,0.963,1,16,4,0,0,0,1,0
0,1,0,0,54,0,0.963,1,16,4,0,0,0,1,0
0,1,0,0,53,0,0.9631,1,16,4,0,0,0,1,0
0,1,0,0,52,0,0.9631,1,16,4,0,0,0,1,0
0,1,0,0,51,0,0.9631,1,16,4,0,0,0,1,0
0,1,0,0,57,0,0.9631,1,16,4,0,0,0,1,0
0,1,0,0,61,0,0.9631,1,16,4,0,0,0,1,0
0,1,0,0,56,0,0.9631,1,16,4,0,0,0,1,0
0,1,0,0,45,0,0.9631,1,16,4,0,0,0,1,0
0,1,0,0,47,0,0.9631,1,16,4,0,0,0,1,0
0,1,0,0,45,0,0.9631,1,16,4,0,0,0,1,0
0,1,0,0,52,0,0.9631,1,16,4,0,0,0,1,0
0,1,0,0,45,0,0.9631,1,16,4,0,0,0,1,0
0,1,0,0,59,0,0.9631,1,16,4,0,0,0,1,0
0,1,0,0,52,0,0.9631,1,16,4,0,0,0,1,0
0,1,0,0,45,0,0.9631,1,16,4,0,0,0,1,0
0,1,0,0,43,0,0.9631,1,16,4,0,0,0,1,0
0,1,0,0,61,0,0.9631,1,16,4,0,0,0,1,0
0,1,0,0,57,0,0.9631,1,16,4,0,0,0,1,0
0,1,0,0,60,0,0.9631,1,16,4,0,0,0,1,0
0,1,0,0,46,0,0.9631,1,16,4,0,0,0,1,0
0,1,0,0,58,0,0.9631,1,16,4,0,0,0,1,0
0,1,0,0,50,0,0.9631,1,16,4,0,0,0,1,0
0,1,0,0,63,0,0.9631,1,16,4,0,0,0,1,0
0,1,0,0,51,0,0.9631,1,16,4,0,0,0,1,0
0,1,0,0,53,0,0.9631,1,16,4,0,0,0,1,0
0,1,0,0,44,0,0.9631,1,16,4,0,0,0,1,0
0,1,0,0,60,0,0.9631,1,16,4,0,0,0,1,0
0,1,0,0,54,0,0.9631,1,16,4,0,0,0,1,0
0,1,0,0,51,0,0.9631,1,16,4,0,0,0,1,0
0,1,0,0,44,0,0.9631,1,16,4,0,0,0,1,0
0,1,0,0,47,0,0.9631,1,16,4,0,0,0,1,0
0,1,0,0,53,0,0.9631,1,16,4,0,0,0,1,0
0,1,0,0,46,0,0.9631,1,16,4,0,0,0,1,0
0,1,0,0,56,0,0.9631,1,16,4,0,0,0,1,0
0,1,0,0,48,0,0.9631,1,16,4,0,0,0,1,0
0,1,0,0,59,0,0.9631,1,16,4,0,0,0,1,0
0,1,0,0,48,0,0.9631,1,16,4,0,0,0,1,0
0,1,0,0,48,0,0.9631,1,16,4,0,0,0,1,0
0,1,0,0,42,0,0.9631,1,16,4,0,0,0,1,0
0,1,0,0,47,0,0.9631,1,16,4,0,0,0,1,0
0,1,0,0,49,0,0.9631,1,16,4,0,0,0,1,0
0,1,0,0,78,0,0.9989,4,21,3,0,0,0,0,1
0,1,1,0,79,0,0.9989,4,21,3,0,0,0,0,1
1,2,0,0,230,0,0.9997,4,22,3,0,0,0,0,1
0,1,0,0,206,0,0.9997,4,22,3,0,0,0,0,1
0,1,0,0,132,0,0.9997,4,22,3,0,0,0,0,1
0,1,0,0,101,0,0.9997,4,22,3,0,0,0,0,1
0,1,1,0,85,0,0.9997,4,22,3,0,0,0,0,1
0,1,0,0,219,0,0.9997,4,22,3,0,0,0,0,1
0,1,0,0,317,0,0.9997,4,22,3,0,0,0,0,1
0,2,1,0,265,0,0.9997,4,22,3,1,0,0,0,1
0,2,0,0,653,0,0.9997,4,22,3,1,0,1,0,1
2,1,0,0,414,0,0.9997,4,22,3,0,0,0,0,1
0,0,1,0,70,0,0.9978,4,22,3,0,0,0,0,1
0,0,1,0,59,0,0.9978,4,22,3,0,0,0,0,1
0,0,1,0,54,0,0.9978,4,22,3,0,0,0,0,1
0,0,1,0,60,0,0.9978,4,22,3,0,0,0,0,1
0,1,0,0,60,0,0.9978,4,22,3,0,0,0,0,1
0,0,1,0,59,0,0.9978,4,22,3,0,0,0,0,1
0,1,0,0,59,0,0.9978,4,22,3,0,0,0,0,1
0,1,0,0,69,0,0.9978,4,22,3,0,0,0,0,1
0,1,0,0,61,0,0.9978,4,22,3,0,0,0,0,1
0,1,0,0,69,0,0.9978,4,22,3,0,0,0,0,1
0,0,1,0,54,0,0.9978,4,22,3,0,0,0,0,1
0,1,0,0,82,0,0.9978,4,22,3,0,0,0,0,1
0,1,0,0,81,0,0.9978,4,22,3,0,0,0,0,1
0,1,0,0,84,0,0.9978,4,22,3,0,0,0,0,1
0,1,0,0,96,0,0.9978,4,22,3,0,0,0,0,1
0,1,0,0,68,0,0.9978,4,22,3,0,0,0,0,1
0,1,0,0,72,0,0.9978,4,22,3,0,0,0,0,1
0,1,0,0,88,0,0.9978,4,22,3,0,0,0,0,1
0,1,0,0,75,0,0.9978,4,22,3,0,0,0,0,1
0,1,0,0,77,0,0.9978,4,22,3,0,0,0,0,1
0,1,0,0,80,0,0.9978,4,22,3,0,0,0,0,1
0,1,0,0,69,0,0.9978,4,22,3,0,0,0,0,1
0,1,0,0,53,0,0.9978,4,22,3,0,0,0,0,1
0,1,0,0,57,0,0.9978,4,22,3,0,0,0,0,1
0,1,0,0,58,0,0.9978,4,22,3,0,0,0,0,1
0,1,0,0,59,0,0.9978,4,22,3,0,0,0,0,1
0,1,0,0,74,0,0.9978,4,22,3,0,0,0,0,1
0,1,0,0,84,0,0.9955,4,22,3,0,0,0,0,1
0,0,1,0,53,0,0.9955,4,22,3,0,0,0,0,1
0,1,0,0,87,0,0.9955,4,22,3,0,0,0,0,1
0,1,0,0,154,0,0.9955,4,22,3,0,0,0,0,1
0,1,0,0,110,0,0.9955,4,22,3,1,0,0,0,1
0,1,0,0,108,0,0.9955,4,22,3,0,0,0,0,1
0,1,0,0,108,0,0.9955,4,22,3,0,0,0,0,1
0,1,0,0,138,0,0.9955,4,22,3,0,0,0,0,1
0,1,0,0,125,0,0.9955,4,22,3,0,0,0,0,1
0,0,1,0,60,0,0.9955,4,22,3,0,0,0,0,1
0,1,0,0,88,0,0.9955,4,22,3,0,0,0,0,1
0,1,0,0,85,0,0.9955,4,22,3,0,0,0,0,1
0,1,0,0,106,0,0.9955,4,22,3,0,0,0,0,1
0,1,0,0,97,0,0.9955,4,22,3,0,0,0,0,1
0,2,0,0,197,0,0.9955,4,22,3,3,0,2,0,1
0,1,0,0,108,0,0.9955,4,22,3,0,0,0,0,1
0,2,0,1,202,0,0.9955,4,22,3,2,0,1,0,1
0,1,0,0,119,0,0.9955,4,22,3,0,0,0,0,1
0,1,0,0,170,0,0.9955,4,22,3,0,0,0,0,1
0,1,0,0,114,0,0.9955,4,22,3,0,0,0,0,1
0,0,1,0,69,0,0.9955,4,22,3,0,0,0,0,1
0,1,0,0,126,0,0.9955,4,22,3,0,0,0,0,1
0,1,0,0,135,0,0.9955,4,22,3,0,0,0,0,1
0,1,1,0,211,0,0.9955,4,22,3,3,0,1,0,1
0,1,0,0,233,0,0.9955,4,22,3,0,0,0,0,1
0,1,0,0,157,0,0.9955,4,22,3,0,0,0,0,1
0,1,0,0,174,0,0.9955,4,22,3,0,0,0,0,1
0,1,0,0,162,0,0.9955,4,22,3,0,0,0,0,1
0,1,0,0,127,0,0.9955,4,22,3,0,0,0,0,1
0,1,0,0,300,0,0.9955,4,22,3,1,0,1,0,1
0,0,1,0,48,0,0.9955,4,22,3,0,0,0,0,1
0,1,0,0,112,0,0.9955,4,22,3,0,0,0,0,1
0,0,1,0,50,0,0.9941,4,22,3,0,0,0,0,1
0,0,1,0,49,0,0.9941,4,22,3,0,0,0,0,1
0,0,1,0,52,0,0.9941,4,22,3,0,0,0,0,1
0,0,1,0,56,0,0.9974,2,23,3,0,0,0,0,1
0,0,1,0,56,0,0.9974,2,23,3,0,0,0,0,1
2,0,0,0,144,0,0.9974,2,23,3,0,0,0,0,1
0,0,1,0,54,0,0.9974,2,23,3,0,0,0,0,1
0,4,0,0,265,0,0.997,1,0,4,0,0,0,1,1
1,1,0,0,134,0,0.997,1,0,4,0,0,0,1,1
0,1,0,0,158,0,0.997,1,0,4,0,0,0,1,1
0,2,0,0,122,0,0.997,1,0,4,0,0,0,1,1
0,1,0,0,55,0,0.997,1,0,4,0,0,0,1,1
0,1,0,1,89,0,0.997,1,0,4,0,0,2,1,1
0,1,1,0,74,0,0.997,1,0,4,0,0,0,1,1
0,0,1,0,55,0,0.997,1,0,4,0,0,0,1,1
0,0,0,1,86,0,0.997,1,0,4,0,0,2,1,1
0,1,0,0,156,0,0.997,1,0,4,0,0,0,1,1
0,1,0,0,77,0,0.997,1,0,4,0,0,0,1,1
0,1,0,0,149,0,0.997,1,0,4,0,0,0,1,1
0,1,0,0,110,0,0.997,1,0,4,0,0,0,1,1
0,1,1,1,164,0,0.997,1,0,4,1,0,1,1,1
2,0,0,0,132,0,0.997,1,0,4,0,0,0,1,1
0,2,0,0,128,0,0.997,1,0,4,1,0,0,1,1
0,1,0,0,115,0,0.997,1,0,4,0,0,0,1,1
0,1,1,0,277,0,0.997,1,0,4,0,0,0,1,1
0,0,1,0,54,0,0.997,1,0,4,0,0,0,1,1
0,0,1,0,56,0,0.997,1,0,4,0,0,0,1,1
0,0,1,0,79,0,0.997,1,0,4,1,0,1,1,1
0,0,1,0,81,0,0.997,1,0,4,1,0,1,1,1
0,0,1,0,63,0,0.997,1,0,4,0,0,0,1,1
0,0,1,0,99,0,0.997,1,0,4,0,0,0,1,1
0,0,1,0,131,0,0.997,1,0,4,0,0,0,1,1
0,0,1,0,43,0,0.9995,3,20,4,0,0,0,0,1
0,1,0,0,61,0,0.9995,3,22,4,0,0,0,0,1
0,0,1,1,388,0,0.9995,3,11,5,0,0,1,1,1
0,1,0,0,243,0,0.9995,3,0,6,0,0,0,1,1
2,2,1,1,999,0,0.9995,3,20,1,0,0,4,0,1
0,1,0,0,36,0,0.9995,3,13,3,0,0,0,0,1
0,1,0,0,91,0,0.9995,3,13,3,0,0,0,0,1
0,0,1,0,295,0,0.9995,3,13,3,0,0,0,0,1
0,1,0,0,50,0,0.9995,3,14,3,0,0,0,1,1
1,0,0,0,89,0,0.9995,3,15,3,0,0,0,1,1
0,0,1,0,114,0,0.9995,3,16,3,0,0,0,1,1
0,1,0,0,62,0,0.9995,3,16,3,0,0,0,1,1
0,0,0,0,215,0,0.9995,3,16,3,0,0,0,1,1
0,1,0,0,47,0,0.9995,3,17,3,0,0,0,1,1
3,0,0,1,292,0,0.9995,3,18,3,0,0,2,1,1
1,0,1,1,255,0,0.9995,3,18,3,0,0,2,1,1
2,0,1,1,296,0,0.9995,3,18,3,0,0,3,1,1
3,0,1,1,369,0,0.9995,3,18,3,0,0,2,1,1
2,0,1,1,365,0,0.9995,3,18,3,0,0,5,1,1
0,1,0,0,90,0,0.9995,3,18,3,0,0,0,1,1
0,1,0,0,57,0,0.9995,3,18,3,0,0,0,1,1
1,1,1,1,366,0,0.9995,3,18,3,0,0,1,1,1
0,1,0,0,955,0,0.9995,3,21,3,0,0,0,0,1
0,1,0,0,46,0,0.9995,3,21,3,0,0,0,0,1
0,1,0,0,75,0,0.9995,3,21,3,0,0,0,0,1
0,1,0,0,74,0,0.9995,3,21,3,0,0,0,0,1
0,1,0,0,66,0,0.9995,3,21,3,0,0,0,0,1
0,1,0,0,69,0,0.9995,3,21,3,0,0,0,0,1
0,1,0,0,126,0,0.9995,3,21,3,0,0,0,0,1
0,1,0,0,57,0,0.9995,3,21,3,0,0,0,0,1
0,1,0,0,70,0,0.9995,3,21,3,0,0,0,0,1
1,1,1,1,185,0,0.9995,3,21,3,0,0,1,0,1
0,1,0,0,243,0,0.9995,3,21,3,0,0,0,0,1
0,1,0,0,73,0,0.9995,3,21,3,0,0,0,0,1
0,1,0,0,58,0,0.9995,3,21,3,0,0,0,0,1
0,1,0,0,65,0,0.9995,3,21,3,0,0,0,0,1
2,0,1,1,247,0,0.9995,3,21,3,0,0,2,0,1
1,1,1,1,241,0,0.9995,3,21,3,0,0,3,0,1
2,1,1,1,225,0,0.9995,3,21,3,0,0,1,0,1
0,0,1,1,129,0,0.9995,3,21,3,0,0,2,0,1
0,0,0,0,23,0,0.9995,3,11,4,0,0,0,1,1
0,1,1,0,62,0,0.9995,3,11,4,0,0,0,1,1
