num_joins,num_where,has_order_by,has_group_by,query_length,rows_examined,using_filesort,using_temporary,index_count,buffer_pool_hit_ratio,connections_count,hour_of_day,day_of_week,access_type,is_slow,execution_time
3,1,0,0,246,208888,0,0,0.0,0.9665,2,1,4,UNKNOWN,1,7.09516
2,0,1,1,247,600024,0,0,0.0,0.9665,2,1,4,UNKNOWN,1,1.70092
0,1,0,0,71,600024,0,0,0.0,0.9764,2,10,4,UNKNOWN,1,1.34386
0,1,0,0,69,346924,0,0,0.0,0.9771,2,10,4,UNKNOWN,1,1.72391
2,1,1,1,183,156092,0,0,0.0,0.9999,2,23,4,UNKNOWN,1,9.73758
1,1,1,1,155,56401,0,0,0.0,0.9999,2,23,4,UNKNOWN,1,3.91638
1,0,0,1,126,60013,0,0,0.0,0.9999,2,23,4,UNKNOWN,1,4.46141
2,0,1,1,154,202674,0,0,0.0,0.9999,2,23,4,UNKNOWN,1,9.52163
0,1,0,0,73,600024,0,0,0.0,0.9999,2,23,4,UNKNOWN,1,1.23286
2,0,1,1,171,170450,0,0,0.0,0.9438,2,0,5,UNKNOWN,1,17.4179
1,0,0,1,105,116970,0,0,0.0,0.9461,2,0,5,UNKNOWN,1,7.27361
2,1,1,1,197,156092,0,0,0.0,0.9636,2,1,5,UNKNOWN,1,16.5146
2,1,1,1,273,21918,0,0,0.0,0.9683,2,1,5,UNKNOWN,1,151.324
3,1,1,1,259,27092,0,0,0.0,0.9683,2,1,5,UNKNOWN,1,22.3697
2,1,1,1,250,32007,0,0,0.0,0.9683,2,1,5,UNKNOWN,1,5.08381
0,4,1,0,283,178261,0,0,0.0,0.9683,2,1,5,UNKNOWN,1,1.19012
0,2,1,0,228,670028,0,0,0.0,0.9709,2,1,5,UNKNOWN,1,3.69243
1,3,1,0,383,992962,0,0,0.0,0.9677,2,1,5,UNKNOWN,1,8.6143
0,1,1,0,207,1200048,0,0,0.0,0.9678,2,1,5,UNKNOWN,1,5.06863
0,0,0,1,158,372333,0,0,0.0,0.9668,2,1,5,UNKNOWN,1,14.4698
0,4,1,0,539,312392,0,0,0.0,0.9695,2,1,5,UNKNOWN,1,4.20464
1,1,1,1,314,42564833,0,0,0.0,0.9816,2,1,5,UNKNOWN,1,17.8828
0,0,1,1,207,324538,0,0,0.0,0.9812,2,1,5,UNKNOWN,1,5.39365
2,0,1,1,280,17194,0,0,0.0,0.983,2,1,5,UNKNOWN,1,6.08551
0,0,1,0,51,600024,0,0,0.0,0.9884,2,1,5,UNKNOWN,1,2.64323
0,1,0,0,111,300012,0,0,0.0,0.9884,2,1,5,UNKNOWN,1,1.11927
2,1,0,0,293,138806,0,0,0.0,0.9884,2,1,5,UNKNOWN,1,1.2481
3,0,0,1,245,58,0,0,0.0,0.9884,2,1,5,UNKNOWN,1,3.52561
0,0,0,1,173,0,0,0,0.0,0.9884,2,1,5,UNKNOWN,1,1.38516
0,1,0,0,78,300012,0,0,0.0,0.9899,2,1,5,UNKNOWN,1,1.40976
0,1,0,0,54,300012,0,0,0.0,0.9899,2,1,5,UNKNOWN,1,1.33597
0,0,1,0,37,600024,0,0,0.0,0.9899,2,1,5,UNKNOWN,1,3.18484
0,1,0,0,78,346924,0,0,0.0,0.9899,2,1,5,UNKNOWN,1,1.84452
0,0,0,1,96,303023,0,0,0.0,0.991,2,1,5,UNKNOWN,1,3.14272
0,0,1,0,121,600024,0,0,0.0,0.991,2,1,5,UNKNOWN,1,2.34152
0,1,0,0,61,300012,0,0,0.0,0.991,2,1,5,UNKNOWN,1,1.99851
0,1,0,0,162,300012,0,0,0.0,0.991,2,1,5,UNKNOWN,1,2.28161
0,1,0,0,192,300012,0,0,0.0,0.991,2,1,5,UNKNOWN,1,1.00036
0,1,0,0,145,300012,0,0,0.0,0.991,2,1,5,UNKNOWN,1,2.09399
0,4,0,0,268,159024,0,0,0.0,0.991,2,1,5,UNKNOWN,1,1.23168
0,1,0,0,270,300012,0,0,0.0,0.991,2,1,5,UNKNOWN,1,1.06514
0,0,1,0,253,1200048,0,0,0.0,0.9912,2,1,5,UNKNOWN,1,8.12897
1,1,1,0,195,1636407,0,0,0.0,0.9913,2,1,5,UNKNOWN,1,8.95824
0,1,0,0,162,300012,0,0,0.0,0.9913,2,1,5,UNKNOWN,1,1.21056
3,1,0,0,215,1399,0,0,0.0,0.9913,2,1,5,UNKNOWN,1,3.68723
0,0,1,1,163,311716,0,0,0.0,0.9913,2,1,5,UNKNOWN,1,3.69165
0,0,1,0,280,600024,0,0,0.0,0.9913,2,1,5,UNKNOWN,1,3.46507
3,1,1,0,264,9883,0,0,0.0,0.9917,2,1,5,UNKNOWN,1,3.42186
4,0,0,1,383,18041,0,0,0.0,0.9917,2,1,5,UNKNOWN,1,2.33827
0,3,0,0,178,300014,0,0,0.0,0.9917,2,1,5,UNKNOWN,1,1.4672
0,0,1,1,189,183507,0,0,0.0,0.9917,2,1,5,UNKNOWN,1,1.32195
3,0,0,1,376,195147,0,0,0.0,0.9917,2,1,5,UNKNOWN,1,3.56154
3,1,0,1,417,58,0,0,0.0,0.9917,2,1,5,UNKNOWN,1,3.4127
3,0,0,1,442,492895,0,0,0.0,0.9917,2,1,5,UNKNOWN,1,1.72411
2,1,1,1,631,12297,0,0,0.0,0.9917,2,1,5,UNKNOWN,1,6.30499
3,0,1,1,446,16936,0,0,0.0,0.9917,2,1,5,UNKNOWN,1,9.62656
4,1,1,1,647,43162,0,0,0.0,0.9934,2,1,5,UNKNOWN,1,5.37982
3,0,1,1,649,13643,0,0,0.0,0.9934,2,1,5,UNKNOWN,1,5.05648
3,0,1,1,751,389552,0,0,0.0,0.9934,2,1,5,UNKNOWN,1,1.14425
8,1,1,1,909,25114,0,0,0.0,0.9934,2,1,5,UNKNOWN,1,3.49672
1,3,1,1,699,338150,0,0,0.0,0.9934,2,1,5,UNKNOWN,1,1.03462
0,0,1,1,464,300082,0,0,0.0,0.9934,2,1,5,UNKNOWN,1,1.09374
0,6,1,0,620,322764,0,0,0.0,0.9934,2,1,5,UNKNOWN,1,9.29441
0,6,1,0,877,13029478,0,0,0.0,0.993,2,1,5,UNKNOWN,1,15.3116
4,5,1,0,901,300694,0,0,0.0,0.993,2,1,5,UNKNOWN,1,5.2869
0,3,1,0,293,170301,0,0,0.0,0.9935,2,1,5,UNKNOWN,1,3.18091
0,1,0,0,199,300012,0,0,0.0,0.9935,2,1,5,UNKNOWN,1,2.83811
0,0,1,1,567,300028,0,0,0.0,0.9935,2,1,5,UNKNOWN,1,1.03234
8,1,1,1,872,35078,0,0,0.0,0.9935,2,1,5,UNKNOWN,1,4.97554
2,7,1,0,634,97392,0,0,0.0,0.9935,2,1,5,UNKNOWN,1,7.58915
6,0,1,1,1544,121900,0,0,0.0,0.9935,2,1,5,UNKNOWN,1,7.44384
4,7,1,0,1580,4335,0,0,0.0,0.9935,2,1,5,UNKNOWN,1,5.21329
0,2,0,0,101,300013,0,0,0.0,0.9938,2,22,5,UNKNOWN,1,1.70517
0,0,0,1,100,900032,0,0,0.0,0.9938,2,22,5,UNKNOWN,1,3.39673
0,1,0,0,114,300012,0,0,0.0,0.9942,2,22,5,UNKNOWN,1,1.12547
1,1,0,0,140,3712174,0,0,0.0,0.9942,2,22,5,UNKNOWN,1,3.23583
0,1,0,0,48,300012,0,0,0.0,0.9945,2,22,5,UNKNOWN,1,1.28348
0,1,0,0,83,300012,0,0,0.0,0.9945,2,22,5,UNKNOWN,1,1.49444
0,2,0,0,96,300027,0,0,0.0,0.9945,2,22,5,UNKNOWN,1,1.76672
0,2,0,0,103,300013,0,0,0.0,0.9945,2,22,5,UNKNOWN,1,1.38106
0,1,0,0,93,300012,0,0,0.0,0.9945,2,22,5,UNKNOWN,1,1.39384
0,2,0,0,110,300013,0,0,0.0,0.9875,2,22,5,UNKNOWN,1,1.31838
0,2,0,0,126,300013,0,0,0.0,0.9875,2,22,5,UNKNOWN,1,1.7045
4,0,0,1,325,22058,0,0,0.0,0.9875,2,22,5,UNKNOWN,1,4.7352
2,0,0,1,282,16545,0,0,0.0,0.9875,2,22,5,UNKNOWN,1,1.80243
0,1,1,0,117,900036,0,0,0.0,0.9875,2,22,5,UNKNOWN,1,1.91929
0,0,1,0,147,900036,0,0,0.0,0.9875,2,22,5,UNKNOWN,1,3.22084
0,0,1,0,97,900036,0,0,0.0,0.9877,2,22,5,UNKNOWN,1,2.45141
0,0,1,0,109,600024,0,0,0.0,0.9877,2,22,5,UNKNOWN,1,2.54806
0,0,1,0,150,600024,0,0,0.0,0.9877,2,22,5,UNKNOWN,1,4.07708
0,0,1,0,150,900036,0,0,0.0,0.9877,2,22,5,UNKNOWN,1,2.86547
0,0,1,0,162,300012,0,0,0.0,0.9877,2,22,5,UNKNOWN,1,1.572
0,0,1,0,164,900036,0,0,0.0,0.9877,2,22,5,UNKNOWN,1,2.34979
0,0,1,0,159,900036,0,0,0.0,0.9881,2,22,5,UNKNOWN,1,4.31454
0,0,1,0,164,900036,0,0,0.0,0.9881,2,22,5,UNKNOWN,1,3.83256
3,0,1,1,318,13311,0,0,0.0,0.9881,2,22,5,UNKNOWN,1,27.1474
0,0,1,0,213,900036,0,0,0.0,0.9881,2,22,5,UNKNOWN,1,4.22139
0,0,0,0,351,300012,0,0,0.0,0.9858,2,23,5,UNKNOWN,1,1.57048
0,0,0,0,345,300012,0,0,0.0,0.9858,2,23,5,UNKNOWN,1,1.78692
0,0,0,0,379,300012,0,0,0.0,0.9858,2,23,5,UNKNOWN,1,1.50205
0,0,0,0,371,300012,0,0,0.0,0.9858,2,23,5,UNKNOWN,1,1.97653
0,0,0,0,361,300012,0,0,0.0,0.9858,2,23,5,UNKNOWN,1,1.46364
0,0,0,0,222,300012,0,0,0.0,0.9858,2,23,5,UNKNOWN,1,1.26048
0,0,0,0,118,300012,0,0,0.0,0.9858,2,23,5,UNKNOWN,1,1.49431
0,0,0,0,311,300012,0,0,0.0,0.9858,2,23,5,UNKNOWN,1,1.27361
0,0,0,0,286,300012,0,0,0.0,0.9858,2,23,5,UNKNOWN,1,2.39287
0,0,0,0,267,300012,0,0,0.0,0.9858,2,23,5,UNKNOWN,1,2.68483
0,0,0,0,242,300012,0,0,0.0,0.9858,2,23,5,UNKNOWN,1,1.48059
0,0,0,0,204,300012,0,0,0.0,0.9858,2,23,5,UNKNOWN,1,1.85985
0,0,0,0,202,300012,0,0,0.0,0.9858,2,23,5,UNKNOWN,1,2.14616
0,0,0,0,265,300012,0,0,0.0,0.9858,2,23,5,UNKNOWN,1,2.26604
0,0,0,0,192,300012,0,0,0.0,0.9858,2,23,5,UNKNOWN,1,1.93089
0,0,0,0,179,300012,0,0,0.0,0.9858,2,23,5,UNKNOWN,1,1.44352
0,0,0,0,196,300012,0,0,0.0,0.9914,2,23,5,UNKNOWN,1,1.23646
0,0,0,0,189,300012,0,0,0.0,0.9914,2,23,5,UNKNOWN,1,1.80178
0,0,0,0,173,300012,0,0,0.0,0.9914,2,23,5,UNKNOWN,1,2.11601
0,0,0,0,136,300012,0,0,0.0,0.9914,2,23,5,UNKNOWN,1,1.68012
0,0,0,0,151,300012,0,0,0.0,0.9914,2,23,5,UNKNOWN,1,1.26418
2,0,0,0,121,393836,0,0,0.0,0.9918,2,23,5,UNKNOWN,1,3.36121
0,1,0,0,63,300003,0,0,0.0,0.9918,2,23,5,UNKNOWN,1,1.33397
2,0,0,0,133,4967,0,0,0.0,0.9918,2,23,5,UNKNOWN,1,15.7406
0,1,0,0,79,300012,0,0,0.0,0.9918,2,23,5,UNKNOWN,1,1.62525
1,0,0,1,144,900036,0,0,0.0,0.9918,2,23,5,UNKNOWN,1,3.31024
1,0,0,1,175,900052,0,0,0.0,0.9916,2,23,5,UNKNOWN,1,3.20419
1,0,0,1,125,346924,0,0,0.0,0.9917,2,23,5,UNKNOWN,1,3.17746
0,0,0,0,153,300012,0,0,0.0,0.9935,2,23,5,UNKNOWN,1,1.20967
0,0,0,0,145,300012,0,0,0.0,0.9935,2,23,5,UNKNOWN,1,1.20859
0,0,0,0,106,88802,0,0,0.0,0.9933,2,23,5,UNKNOWN,1,1.92267
2,1,1,1,323,33148,0,0,0.0,0.9927,2,0,6,UNKNOWN,1,12.8886
3,1,1,1,403,1077139,0,0,0.0,0.9927,2,0,6,UNKNOWN,1,2.05104
2,1,1,1,352,845067,0,0,0.0,0.9915,2,0,6,UNKNOWN,1,2.79325
1,1,1,1,351,90000,0,0,0.0,0.9915,2,0,6,UNKNOWN,1,7.68052
3,0,1,1,353,831482,0,0,0.0,0.9915,2,0,6,UNKNOWN,1,2.81774
0,5,1,0,375,95933,0,0,0.0,0.9915,2,0,6,UNKNOWN,1,1.34242
0,4,1,0,447,674776,0,0,0.0,0.9915,2,0,6,UNKNOWN,1,91.8128
0,5,1,0,421,762031,0,0,0.0,0.9915,2,0,6,UNKNOWN,1,5.39342
0,3,1,1,414,7500314,0,0,0.0,0.9915,2,0,6,UNKNOWN,1,9.24137
0,3,1,1,484,1376071,0,0,0.0,0.9915,2,0,6,UNKNOWN,1,1.14324
0,3,1,1,350,11100463,0,0,0.0,0.9915,2,0,6,UNKNOWN,1,13.1087
0,3,1,1,371,3629514,0,0,0.0,0.9915,2,0,6,UNKNOWN,1,1.20836
0,5,1,1,501,3878553,0,0,0.0,0.9915,2,0,6,UNKNOWN,1,1.80815
3,0,1,1,638,307428,0,0,0.0,0.9915,2,0,6,UNKNOWN,1,1.01137
1,3,1,0,538,992853,0,0,0.0,0.9915,2,0,6,UNKNOWN,1,9.67438
0,1,1,0,344,1200048,0,0,0.0,0.9915,2,0,6,UNKNOWN,1,6.42526
0,0,1,0,319,1200048,0,0,0.0,0.9915,2,0,6,UNKNOWN,1,6.22914
0,1,1,0,176,600016,0,0,0.0,0.9915,2,0,6,UNKNOWN,1,7.04638
0,1,1,0,303,1199688,0,0,0.0,0.9926,2,0,6,UNKNOWN,1,2.77331
1,1,1,0,354,119499,0,0,0.0,0.9926,2,0,6,UNKNOWN,1,7.26146
0,2,1,0,251,355841,0,0,0.0,0.9921,2,0,6,UNKNOWN,1,2.88196
0,0,1,1,284,558625,0,0,0.0,0.9922,2,0,6,UNKNOWN,1,62.1455
6,0,1,1,617,3261433,0,0,0.0,0.9922,2,0,6,UNKNOWN,1,9.12396
1,1,1,0,402,903444,0,0,0.0,0.9923,2,0,6,UNKNOWN,1,2.55404
2,2,1,1,722,1271756,0,0,0.0,0.9923,2,0,6,UNKNOWN,1,4.61349
2,1,1,1,494,34003,0,0,0.0,0.9923,2,0,6,UNKNOWN,1,280.381
2,1,1,1,848,6124,0,0,0.0,0.9931,2,0,6,UNKNOWN,1,185.557
2,1,1,1,656,1200048,0,0,0.0,0.9931,2,0,6,UNKNOWN,1,3.04414
2,2,1,1,846,61326,0,0,0.0,0.9931,2,0,6,UNKNOWN,1,90.3144
2,1,1,1,679,209649,0,0,0.0,0.9931,2,0,6,UNKNOWN,1,18.1695
0,0,1,1,479,600040,0,0,0.0,0.9927,2,0,6,UNKNOWN,1,43.7151
4,1,1,1,634,35470,0,0,0.0,0.9927,2,0,6,UNKNOWN,1,6.68612
6,1,1,1,921,35315,0,0,0.0,0.9927,2,0,6,UNKNOWN,1,5.98562
4,1,1,1,661,2243435,0,0,0.0,0.9927,2,0,6,UNKNOWN,1,5.56216
1,0,1,1,1060,1200048,0,0,0.0,0.9927,2,0,6,UNKNOWN,1,2.07099
0,0,1,1,560,600040,0,0,0.0,0.9923,2,0,6,UNKNOWN,1,40.1252
6,1,1,1,1015,35654,0,0,0.0,0.9923,2,0,6,UNKNOWN,1,6.49678
3,1,1,1,806,48947,0,0,0.0,0.9925,2,0,6,UNKNOWN,1,147.551
3,0,1,1,742,6062295,0,0,0.0,0.993,2,0,6,UNKNOWN,1,11.0877
6,1,1,1,1165,9973,0,0,0.0,0.993,2,0,6,UNKNOWN,1,3.90396
2,2,1,1,1144,5245,0,0,0.0,0.993,2,0,6,UNKNOWN,1,4.92147
4,1,1,1,635,34012,0,0,0.0,0.993,2,0,6,UNKNOWN,1,4.50449
2,0,1,1,919,47983,0,0,0.0,0.993,2,0,6,UNKNOWN,1,4.52035
6,1,1,1,1080,33342,0,0,0.0,0.993,2,0,6,UNKNOWN,1,4.22049
5,2,1,1,1559,1434266,0,0,0.0,0.993,2,0,6,UNKNOWN,1,4.96458
2,1,1,1,1124,32672,0,0,0.0,0.993,2,0,6,UNKNOWN,1,4.99498
4,2,1,1,967,2083211,0,0,0.0,0.993,2,0,6,UNKNOWN,1,6.89238
7,0,1,1,1134,3261433,0,0,0.0,0.9931,2,0,6,UNKNOWN,1,13.4486
4,1,1,1,809,35988,0,0,0.0,0.9929,2,1,6,UNKNOWN,1,5.79021
1,1,1,1,626,630085,0,0,0.0,0.9926,2,1,6,UNKNOWN,1,49.5587
8,2,1,1,1335,36973,0,0,0.0,0.9926,2,1,6,UNKNOWN,1,9.74277
3,1,1,1,865,34685,0,0,0.0,0.9926,2,1,6,UNKNOWN,1,5.05376
4,0,1,1,881,32109,0,0,0.0,0.9926,2,1,6,UNKNOWN,1,369.443
6,0,1,1,1232,231104,0,0,0.0,0.9926,2,1,6,UNKNOWN,1,1.09402
142,166,1,1,52136,0,0,0,0.0,0.9927,2,1,6,UNKNOWN,1,2.55381
6,1,1,1,1250,34690,0,0,0.0,0.9927,2,1,6,UNKNOWN,1,5.36223
6,1,1,1,1102,1263723,0,0,0.0,0.9927,2,1,6,UNKNOWN,1,44.5482
2,1,1,1,1053,34022,0,0,0.0,0.9927,2,1,6,UNKNOWN,1,5.52306
6,2,1,1,1181,33339,0,0,0.0,0.9927,2,1,6,UNKNOWN,1,13.7858
6,0,1,1,1292,32730,0,0,0.0,0.9927,2,1,6,UNKNOWN,1,287.407
2,1,1,1,1063,32670,0,0,0.0,0.9927,2,1,6,UNKNOWN,1,5.22853
2,1,1,1,902,71680,0,0,0.0,0.9928,2,13,6,UNKNOWN,1,55.0125
4,1,1,1,939,34008,0,0,0.0,0.9928,2,13,6,UNKNOWN,1,7.85202
6,1,1,1,1733,1263650,0,0,0.0,0.9928,2,13,6,UNKNOWN,1,2923.48
4,1,1,1,1294,34010,0,0,0.0,0.9928,2,13,6,UNKNOWN,1,5.33915
5,2,1,1,1448,38035,0,0,0.0,0.9928,2,13,6,UNKNOWN,1,6.6907
3,1,1,1,1305,32672,0,0,0.0,0.9928,2,13,6,UNKNOWN,1,4.83459
8,1,1,1,2177,1263811,0,0,0.0,0.9928,2,13,6,UNKNOWN,1,45.083
2,1,1,1,1105,32672,0,0,0.0,0.9928,2,13,6,UNKNOWN,1,5.18164
3,0,1,1,1588,35198,0,0,0.0,0.9928,2,13,6,UNKNOWN,1,6.69541
4,1,1,1,1737,33343,0,0,0.0,0.9928,2,13,6,UNKNOWN,1,5.25409
9,1,1,1,2324,1305635,0,0,0.0,0.9928,2,13,6,UNKNOWN,1,48.8479
9,1,1,1,2474,126108,0,0,0.0,0.9928,2,13,6,UNKNOWN,1,195.171
4,1,1,1,1464,32730,0,0,0.0,0.9928,2,13,6,UNKNOWN,1,297.206
9,1,1,1,2897,126109,0,0,0.0,0.9928,2,13,6,UNKNOWN,1,200.385
6,1,1,1,1930,32670,0,0,0.0,0.9928,2,13,6,UNKNOWN,1,5.33276
5,12,1,1,4701,2594570,0,0,0.0,0.9928,2,13,6,UNKNOWN,1,78.2502
4,1,1,1,583,1176209,0,0,0.0,0.9927,2,14,6,UNKNOWN,1,4.52213
3,1,1,1,541,271196,0,0,0.0,0.9927,2,14,6,UNKNOWN,1,9.42794
0,3,1,0,341,760032,0,0,0.0,0.9927,2,14,6,UNKNOWN,1,1.24033
1,1,1,1,407,630085,0,0,0.0,0.992,2,14,6,UNKNOWN,1,71.925
3,1,1,1,512,49287,0,0,0.0,0.992,2,14,6,UNKNOWN,1,12.0292
2,1,1,1,591,2763014,0,0,0.0,0.992,2,14,6,UNKNOWN,1,9.06913
3,1,1,1,712,180477,0,0,0.0,0.992,2,14,6,UNKNOWN,1,7.88049
4,0,1,1,757,293511,0,0,0.0,0.992,2,14,6,UNKNOWN,1,25.3683
4,1,1,1,738,1301869,0,0,0.0,0.992,2,14,6,UNKNOWN,1,6.23143
2,1,1,1,567,121863,0,0,0.0,0.992,2,14,6,UNKNOWN,1,2.10466
3,1,1,1,756,97310,0,0,0.0,0.992,2,14,6,UNKNOWN,1,4.36521
1,1,1,1,461,70186,0,0,0.0,0.992,2,14,6,UNKNOWN,1,1.7075
3,1,1,1,669,43665,0,0,0.0,0.992,2,14,6,UNKNOWN,1,109.36
5,1,1,1,765,18957,0,0,0.0,0.992,2,14,6,UNKNOWN,1,202.186
2,1,1,1,616,32059,0,0,0.0,0.992,2,14,6,UNKNOWN,1,7.11352
5,0,1,1,921,9000,0,0,0.0,0.992,2,14,6,UNKNOWN,1,6.54028
5,0,1,1,1085,45461,0,0,0.0,0.992,2,14,6,UNKNOWN,1,4.96938
7,0,1,1,1031,38531,0,0,0.0,0.992,2,14,6,UNKNOWN,1,4.51271
0,1,0,0,50,100,0,0,0.0,0.992,2,15,6,UNKNOWN,0,0.001614
0,1,0,0,58,50,0,0,0.0,0.992,2,15,6,UNKNOWN,0,0.000649
0,1,0,0,43,50,0,0,0.0,0.992,2,15,6,UNKNOWN,0,0.000599
0,1,0,0,43,10,0,0,0.0,0.992,2,15,6,UNKNOWN,0,0.000485
0,1,0,0,52,20,0,0,0.0,0.992,2,15,6,UNKNOWN,0,0.000682
0,1,0,0,43,100,0,0,0.0,0.992,2,15,6,UNKNOWN,0,0.001535
0,1,0,0,53,5,0,0,0.0,0.992,2,15,6,UNKNOWN,0,0.000482
0,1,0,0,51,20,0,0,0.0,0.992,2,15,6,UNKNOWN,0,0.000579
0,1,0,0,44,50,0,0,0.0,0.992,2,15,6,UNKNOWN,0,0.001078
0,1,0,0,45,200,0,0,0.0,0.992,2,15,6,UNKNOWN,0,0.002004
0,1,0,0,62,200,0,0,0.0,0.992,2,15,6,UNKNOWN,0,0.002194
0,1,0,0,51,50,0,0,0.0,0.992,2,15,6,UNKNOWN,0,0.000803
0,1,0,0,40,50,0,0,0.0,0.992,2,15,6,UNKNOWN,0,0.000803
0,1,0,0,49,20,0,0,0.0,0.992,2,15,6,UNKNOWN,0,0.000555
0,1,0,0,43,150,0,0,0.0,0.992,2,15,6,UNKNOWN,0,0.002511
0,1,0,0,55,20,0,0,0.0,0.992,2,15,6,UNKNOWN,0,0.000625
0,1,0,0,55,100,0,0,0.0,0.992,2,15,6,UNKNOWN,0,0.001237
0,1,0,0,58,5,0,0,0.0,0.992,2,15,6,UNKNOWN,0,0.000533
0,1,0,0,52,150,0,0,0.0,0.992,2,15,6,UNKNOWN,0,0.001595
0,1,0,0,41,20,0,0,0.0,0.992,2,15,6,UNKNOWN,0,0.000565
0,1,0,0,45,5,0,0,0.0,0.992,2,15,6,UNKNOWN,0,0.000614
0,1,0,0,48,100,0,0,0.0,0.992,2,15,6,UNKNOWN,0,0.001207
0,1,0,0,45,20,0,0,0.0,0.992,2,15,6,UNKNOWN,0,0.000674
0,1,0,0,46,10,0,0,0.0,0.992,2,15,6,UNKNOWN,0,0.000489
0,1,0,0,41,150,0,0,0.0,0.992,2,15,6,UNKNOWN,0,0.001329
0,1,0,0,54,5,0,0,0.0,0.992,2,15,6,UNKNOWN,0,0.000562
0,1,0,0,42,200,0,0,0.0,0.992,2,15,6,UNKNOWN,0,0.001169
0,1,0,0,47,100,0,0,0.0,0.992,2,15,6,UNKNOWN,0,0.001195
0,1,0,0,45,100,0,0,0.0,0.992,2,15,6,UNKNOWN,0,0.001176
0,1,0,0,52,200,0,0,0.0,0.992,2,15,6,UNKNOWN,0,0.000619
0,1,0,0,45,5,0,0,0.0,0.992,2,15,6,UNKNOWN,0,0.000551
0,1,0,0,41,10,0,0,0.0,0.992,2,15,6,UNKNOWN,0,0.000482
0,1,0,0,45,200,0,0,0.0,0.992,2,15,6,UNKNOWN,0,0.001225
0,1,0,0,44,50,0,0,0.0,0.992,2,15,6,UNKNOWN,0,0.000614
0,1,0,0,57,20,0,0,0.0,0.992,2,15,6,UNKNOWN,0,0.000939
0,1,0,0,40,20,0,0,0.0,0.992,2,15,6,UNKNOWN,0,0.000621
0,1,0,0,39,5,0,0,0.0,0.992,2,15,6,UNKNOWN,0,0.000517
0,1,0,0,43,50,0,0,0.0,0.992,2,15,6,UNKNOWN,0,0.000818
0,1,0,0,47,100,0,0,0.0,0.992,2,15,6,UNKNOWN,0,0.001361
0,1,0,0,56,5,0,0,0.0,0.992,2,15,6,UNKNOWN,0,0.000597
0,1,0,0,49,5,0,0,0.0,0.992,2,15,6,UNKNOWN,0,0.000483
0,1,0,0,50,100,0,0,0.0,0.992,2,15,6,UNKNOWN,0,0.000728
0,1,0,0,46,50,0,0,0.0,0.992,2,15,6,UNKNOWN,0,0.000822
0,1,0,0,47,10,0,0,0.0,0.992,2,15,6,UNKNOWN,0,0.000571
0,1,0,0,52,100,0,0,0.0,0.992,2,15,6,UNKNOWN,0,0.001188
0,1,0,0,55,200,0,0,0.0,0.992,2,15,6,UNKNOWN,0,0.001962
0,1,0,0,57,5,0,0,0.0,0.992,2,15,6,UNKNOWN,0,0.000505
0,1,0,0,47,200,0,0,0.0,0.992,2,15,6,UNKNOWN,0,0.001834
0,1,0,0,51,100,0,0,0.0,0.992,2,15,6,UNKNOWN,0,0.001494
0,1,0,0,45,50,0,0,0.0,0.992,2,15,6,UNKNOWN,0,0.001069
0,1,0,0,49,100,0,0,0.0,0.992,2,15,6,UNKNOWN,0,0.001069
0,1,0,0,47,50,0,0,0.0,0.992,2,15,6,UNKNOWN,0,0.000912
0,1,0,0,59,150,0,0,0.0,0.992,2,15,6,UNKNOWN,0,0.000634
0,1,0,0,55,50,0,0,0.0,0.992,2,15,6,UNKNOWN,0,0.000779
0,1,0,0,47,5,0,0,0.0,0.992,2,15,6,UNKNOWN,0,0.000469
0,1,0,0,56,10,0,0,0.0,0.992,2,15,6,UNKNOWN,0,0.000494
0,1,0,0,46,5,0,0,0.0,0.992,2,15,6,UNKNOWN,0,0.000584
0,1,0,0,53,200,0,0,0.0,0.992,2,15,6,UNKNOWN,0,0.00205
0,1,0,0,48,150,0,0,0.0,0.992,2,15,6,UNKNOWN,0,0.001846
0,1,0,0,54,20,0,0,0.0,0.992,2,15,6,UNKNOWN,0,0.000649
0,1,0,0,62,150,0,0,0.0,0.992,2,15,6,UNKNOWN,0,0.001794
0,1,0,0,45,20,0,0,0.0,0.992,2,15,6,UNKNOWN,0,0.000704
0,1,0,0,47,100,0,0,0.0,0.992,2,15,6,UNKNOWN,0,0.000609
0,1,0,0,49,50,0,0,0.0,0.992,2,15,6,UNKNOWN,0,0.000577
0,1,0,0,51,10,0,0,0.0,0.992,2,15,6,UNKNOWN,0,0.000439
0,1,0,0,46,20,0,0,0.0,0.992,2,15,6,UNKNOWN,0,0.000619
0,1,0,0,42,5,0,0,0.0,0.992,2,15,6,UNKNOWN,0,0.000494
0,1,0,0,56,50,0,0,0.0,0.992,2,15,6,UNKNOWN,0,0.000664
0,1,0,0,62,100,0,0,0.0,0.992,2,15,6,UNKNOWN,0,0.001554
0,1,0,0,42,20,0,0,0.0,0.992,2,15,6,UNKNOWN,0,0.000711
0,1,0,0,51,100,0,0,0.0,0.992,2,15,6,UNKNOWN,0,0.001551
0,1,0,0,44,20,0,0,0.0,0.992,2,15,6,UNKNOWN,0,0.000655
0,1,0,0,49,200,0,0,0.0,0.992,2,15,6,UNKNOWN,0,0.002033
0,1,0,0,58,20,0,0,0.0,0.992,2,15,6,UNKNOWN,0,0.000819
0,1,0,0,49,20,0,0,0.0,0.992,2,15,6,UNKNOWN,0,0.000711
0,1,0,0,47,200,0,0,0.0,0.992,2,15,6,UNKNOWN,0,0.00243
0,1,0,0,58,10,0,0,0.0,0.992,2,15,6,UNKNOWN,0,0.000496
0,1,0,0,42,5,0,0,0.0,0.992,2,15,6,UNKNOWN,0,0.000583
0,1,0,0,50,150,0,0,0.0,0.992,2,15,6,UNKNOWN,0,0.000923
0,1,0,0,48,5,0,0,0.0,0.992,2,15,6,UNKNOWN,0,0.000441
0,1,0,0,51,10,0,0,0.0,0.992,2,15,6,UNKNOWN,0,0.000515
0,1,0,0,48,50,0,0,0.0,0.992,2,15,6,UNKNOWN,0,0.000717
0,1,0,0,42,10,0,0,0.0,0.992,2,15,6,UNKNOWN,0,0.000639
0,1,0,0,46,10,0,0,0.0,0.992,2,15,6,UNKNOWN,0,0.000619
0,1,0,0,48,200,0,0,0.0,0.992,2,15,6,UNKNOWN,0,0.001995
0,1,0,0,49,150,0,0,0.0,0.992,2,15,6,UNKNOWN,0,0.001336
0,1,0,0,44,100,0,0,0.0,0.992,2,15,6,UNKNOWN,0,0.00181
0,1,0,0,46,100,0,0,0.0,0.992,2,15,6,UNKNOWN,0,0.00132
0,1,0,0,57,50,0,0,0.0,0.992,2,15,6,UNKNOWN,0,0.001063
0,1,0,0,45,5,0,0,0.0,0.992,2,15,6,UNKNOWN,0,0.000462
0,1,0,0,52,200,0,0,0.0,0.992,2,15,6,UNKNOWN,0,0.00178
0,1,0,0,46,150,0,0,0.0,0.992,2,15,6,UNKNOWN,0,0.001804
0,1,0,0,51,50,0,0,0.0,0.992,2,15,6,UNKNOWN,0,0.000571
0,1,0,0,43,150,0,0,0.0,0.992,2,15,6,UNKNOWN,0,0.002337
0,1,0,0,50,10,0,0,0.0,0.992,2,15,6,UNKNOWN,0,0.000582
0,1,0,0,43,20,0,0,0.0,0.992,2,15,6,UNKNOWN,0,0.00066
0,1,0,0,57,50,0,0,0.0,0.992,2,15,6,UNKNOWN,0,0.000941
0,1,0,0,46,150,0,0,0.0,0.992,2,15,6,UNKNOWN,0,0.002011
0,1,0,0,58,150,0,0,0.0,0.992,2,15,6,UNKNOWN,0,0.002542
0,1,0,0,58,50,0,0,0.0,0.992,2,15,6,UNKNOWN,0,0.000881
0,1,0,0,44,5,0,0,0.0,0.992,2,15,6,UNKNOWN,0,0.000562
0,1,0,0,53,150,0,0,0.0,0.992,2,15,6,UNKNOWN,0,0.001591
0,1,0,0,51,5,0,0,0.0,0.992,2,15,6,UNKNOWN,0,0.0005
0,1,0,0,59,50,0,0,0.0,0.992,2,15,6,UNKNOWN,0,0.000917
0,1,0,0,41,5,0,0,0.0,0.992,2,15,6,UNKNOWN,0,0.000562
0,1,0,0,60,100,0,0,0.0,0.992,2,15,6,UNKNOWN,0,0.0013
0,1,0,0,57,10,0,0,0.0,0.992,2,15,6,UNKNOWN,0,0.000592
0,1,0,0,42,100,0,0,0.0,0.992,2,15,6,UNKNOWN,0,0.000793
0,1,0,0,44,5,0,0,0.0,0.992,2,15,6,UNKNOWN,0,0.000531
0,1,0,0,55,150,0,0,0.0,0.992,2,15,6,UNKNOWN,0,0.001744
0,1,0,0,58,100,0,0,0.0,0.992,2,15,6,UNKNOWN,0,0.001628
0,1,0,0,58,200,0,0,0.0,0.992,2,15,6,UNKNOWN,0,0.002493
0,1,0,0,44,10,0,0,0.0,0.992,2,15,6,UNKNOWN,0,0.000576
0,1,0,0,52,150,0,0,0.0,0.992,2,15,6,UNKNOWN,0,0.000689
0,1,0,0,59,200,0,0,0.0,0.992,2,15,6,UNKNOWN,0,0.000584
0,1,0,0,50,5,0,0,0.0,0.992,2,15,6,UNKNOWN,0,0.000427
0,1,0,0,48,10,0,0,0.0,0.992,2,15,6,UNKNOWN,0,0.0005
0,1,0,0,56,150,0,0,0.0,0.992,2,15,6,UNKNOWN,0,0.001324
0,1,0,0,46,20,0,0,0.0,0.992,2,15,6,UNKNOWN,0,0.000627
0,1,0,0,40,5,0,0,0.0,0.992,2,15,6,UNKNOWN,0,0.000473
0,1,0,0,60,5,0,0,0.0,0.992,2,15,6,UNKNOWN,0,0.000529
0,1,0,0,40,10,0,0,0.0,0.992,2,15,6,UNKNOWN,0,0.000547
0,1,0,0,44,100,0,0,0.0,0.992,2,15,6,UNKNOWN,0,0.000611
0,1,0,0,51,200,0,0,0.0,0.992,2,15,6,UNKNOWN,0,0.002368
0,1,0,0,42,20,0,0,0.0,0.992,2,15,6,UNKNOWN,0,0.000818
0,1,0,0,56,200,0,0,0.0,0.992,2,15,6,UNKNOWN,0,0.001611
0,1,0,0,52,100,0,0,0.0,0.992,2,15,6,UNKNOWN,0,0.000619
0,1,0,0,43,5,0,0,0.0,0.992,2,15,6,UNKNOWN,0,0.000589
0,1,0,0,58,150,0,0,0.0,0.992,2,15,6,UNKNOWN,0,0.001946
0,1,0,0,42,50,0,0,0.0,0.992,2,15,6,UNKNOWN,0,0.001353
0,1,0,0,44,200,0,0,0.0,0.992,2,15,6,UNKNOWN,0,0.001767
0,1,0,0,42,5,0,0,0.0,0.992,2,15,6,UNKNOWN,0,0.000522
0,1,0,0,57,20,0,0,0.0,0.992,2,15,6,UNKNOWN,0,0.000763
0,1,0,0,43,100,0,0,0.0,0.992,2,15,6,UNKNOWN,0,0.001295
0,1,0,0,54,10,0,0,0.0,0.992,2,15,6,UNKNOWN,0,0.000521
0,1,0,0,50,20,0,0,0.0,0.992,2,15,6,UNKNOWN,0,0.000707
0,1,0,0,59,200,0,0,0.0,0.992,2,15,6,UNKNOWN,0,0.001935
0,1,0,0,45,100,0,0,0.0,0.992,2,15,6,UNKNOWN,0,0.000859
0,1,0,0,41,50,0,0,0.0,0.992,2,15,6,UNKNOWN,0,0.000696
0,1,0,0,56,100,0,0,0.0,0.992,2,15,6,UNKNOWN,0,0.001053
0,1,0,0,45,10,0,0,0.0,0.992,2,15,6,UNKNOWN,0,0.00057
0,1,0,0,46,200,0,0,0.0,0.992,2,15,6,UNKNOWN,0,0.002529
0,1,0,0,47,200,0,0,0.0,0.992,2,15,6,UNKNOWN,0,0.000705
0,1,0,0,45,10,0,0,0.0,0.992,2,15,6,UNKNOWN,0,0.000794
0,1,0,0,52,10,0,0,0.0,0.992,2,15,6,UNKNOWN,0,0.000495
0,1,0,0,50,200,0,0,0.0,0.992,2,15,6,UNKNOWN,0,0.001538
0,1,0,0,58,100,0,0,0.0,0.992,2,15,6,UNKNOWN,0,0.001586
0,1,0,0,45,150,0,0,0.0,0.992,2,15,6,UNKNOWN,0,0.00163
0,1,0,0,57,100,0,0,0.0,0.992,2,15,6,UNKNOWN,0,0.000839
0,1,0,0,41,100,0,0,0.0,0.992,2,15,6,UNKNOWN,0,0.001046
0,1,0,0,49,10,0,0,0.0,0.992,2,15,6,UNKNOWN,0,0.00048
0,1,0,0,50,150,0,0,0.0,0.992,2,15,6,UNKNOWN,0,0.001863
0,1,0,0,42,10,0,0,0.0,0.992,2,15,6,UNKNOWN,0,0.00061
0,1,0,0,61,10,0,0,0.0,0.992,2,15,6,UNKNOWN,0,0.000633
0,1,0,0,46,50,0,0,0.0,0.992,2,15,6,UNKNOWN,0,0.000642
0,1,0,0,50,200,0,0,0.0,0.992,2,15,6,UNKNOWN,0,0.002262
0,1,0,0,51,200,0,0,0.0,0.992,2,15,6,UNKNOWN,0,0.002734
0,1,0,0,59,100,0,0,0.0,0.992,2,15,6,UNKNOWN,0,0.001269
0,1,0,0,44,150,0,0,0.0,0.992,2,15,6,UNKNOWN,0,0.001379
0,1,0,0,58,20,0,0,0.0,0.992,2,15,6,UNKNOWN,0,0.000524
0,1,0,0,50,50,0,0,0.0,0.992,2,15,6,UNKNOWN,0,0.000892
0,1,0,0,42,50,0,0,0.0,0.992,2,15,6,UNKNOWN,0,0.000994
0,1,0,0,44,100,0,0,0.0,0.992,2,15,6,UNKNOWN,0,0.001065
0,1,0,0,56,5,0,0,0.0,0.992,2,15,6,UNKNOWN,0,0.000581
0,1,0,0,54,50,0,0,0.0,0.992,2,15,6,UNKNOWN,0,0.000916
0,1,0,0,44,200,0,0,0.0,0.992,2,15,6,UNKNOWN,0,0.000586
0,1,0,0,46,200,0,0,0.0,0.992,2,15,6,UNKNOWN,0,0.002216
0,1,0,0,57,150,0,0,0.0,0.992,2,15,6,UNKNOWN,0,0.001042
0,1,0,0,44,150,0,0,0.0,0.992,2,15,6,UNKNOWN,0,0.000601
0,1,0,0,57,10,0,0,0.0,0.992,2,15,6,UNKNOWN,0,0.000651
0,1,0,0,43,200,0,0,0.0,0.992,2,15,6,UNKNOWN,0,0.002495
0,1,0,0,45,150,0,0,0.0,0.992,2,15,6,UNKNOWN,0,0.000926
0,1,0,0,53,100,0,0,0.0,0.992,2,15,6,UNKNOWN,0,0.001289
0,1,0,0,55,5,0,0,0.0,0.992,2,15,6,UNKNOWN,0,0.000477
0,1,0,0,59,10,0,0,0.0,0.992,2,15,6,UNKNOWN,0,0.000602
0,1,0,0,43,200,0,0,0.0,0.992,2,15,6,UNKNOWN,0,0.002436
0,1,0,0,61,20,0,0,0.0,0.992,2,15,6,UNKNOWN,0,0.000716
0,1,0,0,57,200,0,0,0.0,0.992,2,15,6,UNKNOWN,0,0.001291
0,1,0,0,59,150,0,0,0.0,0.992,2,15,6,UNKNOWN,0,0.001573
0,1,0,0,43,10,0,0,0.0,0.992,2,15,6,UNKNOWN,0,0.000542
0,1,0,0,59,100,0,0,0.0,0.992,2,15,6,UNKNOWN,0,0.000621
0,1,0,0,44,20,0,0,0.0,0.992,2,15,6,UNKNOWN,0,0.000683
0,1,0,0,47,150,0,0,0.0,0.992,2,15,6,UNKNOWN,0,0.001443
0,1,0,0,52,50,0,0,0.0,0.992,2,15,6,UNKNOWN,0,0.001047
0,1,0,0,43,20,0,0,0.0,0.992,2,15,6,UNKNOWN,0,0.000727
0,1,0,0,51,150,0,0,0.0,0.992,2,15,6,UNKNOWN,0,0.001647
0,1,0,0,51,150,0,0,0.0,0.992,2,15,6,UNKNOWN,0,0.001978
0,1,0,0,57,5,0,0,0.0,0.992,2,15,6,UNKNOWN,0,0.000544
0,1,0,0,46,100,0,0,0.0,0.992,2,15,6,UNKNOWN,0,0.001467
0,1,0,0,46,50,0,0,0.0,0.992,2,15,6,UNKNOWN,0,0.000937
0,1,0,0,46,10,0,0,0.0,0.992,2,15,6,UNKNOWN,0,0.000554
0,1,0,0,50,50,0,0,0.0,0.992,2,15,6,UNKNOWN,0,0.000983
0,1,0,0,43,50,0,0,0.0,0.992,2,15,6,UNKNOWN,0,0.000844
0,1,0,0,49,50,0,0,0.0,0.992,2,15,6,UNKNOWN,0,0.000944
0,1,0,0,48,5,0,0,0.0,0.992,2,15,6,UNKNOWN,0,0.000552
0,1,0,0,47,20,0,0,0.0,0.992,2,15,6,UNKNOWN,0,0.000654
0,1,0,0,44,10,0,0,0.0,0.992,2,15,6,UNKNOWN,0,0.000574
0,1,0,0,43,20,0,0,0.0,0.992,2,15,6,UNKNOWN,0,0.0005
0,1,0,0,44,150,0,0,0.0,0.992,2,15,6,UNKNOWN,0,0.001518
0,1,0,0,59,20,0,0,0.0,0.992,2,15,6,UNKNOWN,0,0.000723
0,1,0,0,41,200,0,0,0.0,0.992,2,15,6,UNKNOWN,0,0.001992
0,1,0,0,41,5,0,0,0.0,0.992,2,15,6,UNKNOWN,0,0.000596
0,1,0,0,49,10,0,0,0.0,0.992,2,15,6,UNKNOWN,0,0.000538
0,1,0,0,48,20,0,0,0.0,0.992,2,15,6,UNKNOWN,0,0.000537
0,1,0,0,42,150,0,0,0.0,0.992,2,15,6,UNKNOWN,0,0.000968
0,1,0,0,43,5,0,0,0.0,0.992,2,15,6,UNKNOWN,0,0.000469
0,1,0,0,50,10,0,0,0.0,0.992,2,15,6,UNKNOWN,0,0.000565
0,1,0,0,50,5,0,0,0.0,0.992,2,15,6,UNKNOWN,0,0.000533
0,1,0,0,55,10,0,0,0.0,0.992,2,15,6,UNKNOWN,0,0.000563
0,1,0,0,44,200,0,0,0.0,0.992,2,15,6,UNKNOWN,0,0.001761
0,1,0,0,45,50,0,0,0.0,0.992,2,15,6,UNKNOWN,0,0.000881
0,1,0,0,49,5,0,0,0.0,0.992,2,15,6,UNKNOWN,0,0.000558
0,1,0,0,60,150,0,0,0.0,0.992,2,15,6,UNKNOWN,0,0.001672
0,1,0,0,58,10,0,0,0.0,0.992,2,15,6,UNKNOWN,0,0.000609
0,1,0,0,60,200,0,0,0.0,0.992,2,15,6,UNKNOWN,0,0.00207
0,1,0,0,51,20,0,0,0.0,0.992,2,15,6,UNKNOWN,0,0.000771
0,1,0,0,58,200,0,0,0.0,0.992,2,15,6,UNKNOWN,0,0.002936
0,1,0,0,61,50,0,0,0.0,0.992,2,15,6,UNKNOWN,0,0.000949
0,1,0,0,50,20,0,0,0.0,0.992,2,15,6,UNKNOWN,0,0.00061
0,1,0,0,47,150,0,0,0.0,0.992,2,15,6,UNKNOWN,0,0.001761
0,1,0,0,46,20,0,0,0.0,0.992,2,15,6,UNKNOWN,0,0.000535
0,1,0,0,43,10,0,0,0.0,0.992,2,15,6,UNKNOWN,0,0.00056
0,1,0,0,56,20,0,0,0.0,0.992,2,15,6,UNKNOWN,0,0.000524
0,1,0,0,47,150,0,0,0.0,0.992,2,15,6,UNKNOWN,0,0.000598
0,1,0,0,49,250,0,0,0.0,0.992,2,15,6,UNKNOWN,0,0.003633
0,1,0,0,44,250,0,0,0.0,0.992,2,15,6,UNKNOWN,0,0.002579
0,1,0,0,53,250,0,0,0.0,0.992,2,15,6,UNKNOWN,0,0.002491
0,1,0,0,47,250,0,0,0.0,0.992,2,15,6,UNKNOWN,0,0.000661
0,1,0,0,62,250,0,0,0.0,0.992,2,15,6,UNKNOWN,0,0.002405
0,1,0,0,50,250,0,0,0.0,0.992,2,15,6,UNKNOWN,0,0.001647
0,1,0,0,50,250,0,0,0.0,0.992,2,15,6,UNKNOWN,0,0.00239
0,1,0,0,56,250,0,0,0.0,0.992,2,15,6,UNKNOWN,0,0.002112
0,1,0,0,45,250,0,0,0.0,0.992,2,15,6,UNKNOWN,0,0.001526
0,1,0,0,51,250,0,0,0.0,0.992,2,15,6,UNKNOWN,0,0.002606
0,1,0,0,58,250,0,0,0.0,0.992,2,15,6,UNKNOWN,0,0.002923
0,1,0,0,43,250,0,0,0.0,0.992,2,15,6,UNKNOWN,0,0.002568
0,1,0,0,48,250,0,0,0.0,0.992,2,15,6,UNKNOWN,0,0.00248
0,1,0,0,59,250,0,0,0.0,0.992,2,15,6,UNKNOWN,0,0.002291
0,1,0,0,46,250,0,0,0.0,0.992,2,15,6,UNKNOWN,0,0.003161
0,1,0,0,42,250,0,0,0.0,0.992,2,15,6,UNKNOWN,0,0.001487
0,1,0,0,44,250,0,0,0.0,0.992,2,15,6,UNKNOWN,0,0.002287
0,1,0,0,55,250,0,0,0.0,0.992,2,15,6,UNKNOWN,0,0.002455
0,1,0,0,41,250,0,0,0.0,0.992,2,15,6,UNKNOWN,0,0.001874
0,1,0,0,43,250,0,0,0.0,0.992,2,15,6,UNKNOWN,0,0.003016
0,1,0,0,44,250,0,0,0.0,0.992,2,15,6,UNKNOWN,0,0.000658
0,1,0,0,45,250,0,0,0.0,0.992,2,15,6,UNKNOWN,0,0.002417
0,1,0,0,52,250,0,0,0.0,0.992,2,15,6,UNKNOWN,0,0.002176
0,1,0,0,57,250,0,0,0.0,0.992,2,15,6,UNKNOWN,0,0.001301
0,1,0,0,47,250,0,0,0.0,0.992,2,15,6,UNKNOWN,0,0.002709
0,1,0,0,46,250,0,0,0.0,0.992,2,15,6,UNKNOWN,0,0.002574
0,1,0,0,47,250,0,0,0.0,0.992,2,15,6,UNKNOWN,0,0.002321
0,1,0,0,59,250,0,0,0.0,0.992,2,15,6,UNKNOWN,0,0.000573
0,1,0,0,58,250,0,0,0.0,0.992,2,15,6,UNKNOWN,0,0.002877
0,1,0,0,60,250,0,0,0.0,0.992,2,15,6,UNKNOWN,0,0.002429
0,1,0,0,51,250,0,0,0.0,0.992,2,15,6,UNKNOWN,0,0.002988
0,0,1,0,162,1500060,0,0,0.0,0.9921,2,14,2,UNKNOWN,1,6.13101
0,1,1,1,213,900036,0,0,0.0,0.9921,2,14,2,UNKNOWN,1,4.14965
2,0,1,1,284,218566,0,0,0.0,0.9921,2,14,2,UNKNOWN,1,1.26211
0,1,0,0,52,250,0,0,0.0,0.9921,2,14,2,UNKNOWN,0,0.000491
0,0,1,0,176,1200118,0,0,0.0,0.9921,2,14,2,UNKNOWN,1,7.55301
0,3,0,0,190,7780742,0,0,0.0,0.9917,3,15,2,UNKNOWN,1,7.12551
0,0,0,1,108,900036,0,0,0.0,0.9917,3,15,2,UNKNOWN,1,3.2182
2,0,1,0,266,328384,0,0,0.0,0.9917,3,15,2,UNKNOWN,1,3.31345
0,3,0,0,189,600023,0,0,0.0,0.9917,3,15,2,UNKNOWN,1,2.94536
0,3,0,0,195,600024,0,0,0.0,0.9917,3,15,2,UNKNOWN,1,2.6211
1,1,1,1,176,616617,0,0,0.0,0.9915,3,15,2,UNKNOWN,1,36.5412
7,1,1,1,1031,53226,0,0,0.0,0.9915,3,15,2,UNKNOWN,1,559.932
5,0,1,1,1039,167435,0,0,0.0,0.9915,3,15,2,UNKNOWN,1,35.9841
4,1,1,1,1046,32059,0,0,0.0,0.9915,3,15,2,UNKNOWN,1,9.21221
9,0,1,1,1914,38939,0,0,0.0,0.9915,3,15,2,UNKNOWN,1,6.74086
4,3,1,1,1165,96071,0,0,0.0,0.9915,3,15,2,UNKNOWN,1,1.07532
8,1,1,1,1559,166743,0,0,0.0,0.9915,3,15,2,UNKNOWN,1,35.6342
5,1,1,1,1348,32060,0,0,0.0,0.9915,3,15,2,UNKNOWN,1,1.1328
0,3,0,0,222,600024,0,0,0.0,0.9915,3,15,2,UNKNOWN,1,1.95819
7,0,1,1,1625,44731,0,0,0.0,0.9915,3,15,2,UNKNOWN,1,530.734
6,1,1,1,1662,143647,0,0,0.0,0.9916,3,15,2,UNKNOWN,1,26.3792
4,0,1,1,1575,2529442,0,0,0.0,0.9916,3,15,2,UNKNOWN,1,5.53808
7,0,1,1,1907,1333495,0,0,0.0,0.9916,3,15,2,UNKNOWN,1,8.11001
6,0,1,1,1464,34,0,0,0.0,0.9916,3,15,2,UNKNOWN,1,1.00277
7,1,1,1,2388,27547,0,0,0.0,0.9916,3,15,2,UNKNOWN,1,8.26004
5,17,1,0,1863,11386,0,0,0.0,0.9916,3,15,2,UNKNOWN,1,7.69812
4,15,1,0,1702,168879,0,0,0.0,0.9916,3,15,2,UNKNOWN,1,7.33707
1,18,1,0,1749,1192048,0,0,0.0,0.9916,3,15,2,UNKNOWN,1,6.11478
16,20,1,1,2873,2028297,0,0,0.0,0.9916,3,15,2,UNKNOWN,1,43.57
1,1,1,0,250,128004,0,0,0.0,0.9916,2,17,3,UNKNOWN,1,8805.12
8,1,1,1,3921,32670,0,0,0.0,0.9916,2,17,3,UNKNOWN,1,27.0457
2,1,1,1,186,164032,0,0,0.0,0.9915,3,18,3,UNKNOWN,1,13.2447
5,1,1,1,575,191000,0,0,0.0,0.991,3,18,3,UNKNOWN,1,10.5666
3,1,1,1,439,240999,0,0,0.0,0.991,3,18,3,UNKNOWN,1,1.00021
3,1,1,1,463,1147646,0,0,0.0,0.991,3,18,3,UNKNOWN,1,4.93691
3,1,1,1,462,979222,0,0,0.0,0.991,3,18,3,UNKNOWN,1,5.07811
0,5,1,0,473,300120,0,0,0.0,0.991,3,18,3,UNKNOWN,1,1.8645
2,1,1,1,600,1847134,0,0,0.0,0.9909,3,18,3,UNKNOWN,1,11.346
2,1,1,1,695,947198,0,0,0.0,0.9909,3,18,3,UNKNOWN,1,5.57019
3,1,1,1,722,1263154,0,0,0.0,0.9909,3,18,3,UNKNOWN,1,4.84624
2,1,1,1,542,151253,0,0,0.0,0.9909,3,18,3,UNKNOWN,1,8.77049
5,1,1,1,848,1325280,0,0,0.0,0.9909,3,18,3,UNKNOWN,1,8.94779
7,1,1,1,738,169665,0,0,0.0,0.9909,3,18,3,UNKNOWN,1,8.93041
5,1,1,1,554,48501,0,0,0.0,0.9909,3,18,3,UNKNOWN,1,2.63681
5,1,1,1,553,174310,0,0,0.0,0.9909,3,18,3,UNKNOWN,1,10.4726
7,1,1,1,727,187633,0,0,0.0,0.9909,3,18,3,UNKNOWN,1,6.20185
8,1,1,1,704,197521,0,0,0.0,0.9909,3,18,3,UNKNOWN,1,9.51993
0,1,1,1,616,600024,0,0,0.0,0.99,3,19,3,UNKNOWN,1,1736.08
1,1,1,1,787,1200048,0,0,0.0,0.99,3,19,3,UNKNOWN,1,2.29401
4,0,1,1,758,171811,0,0,0.0,0.99,3,19,3,UNKNOWN,1,175.093
4,0,1,1,815,171726,0,0,0.0,0.99,3,19,3,UNKNOWN,1,158.962
4,1,1,1,870,292172,0,0,0.0,0.99,3,19,3,UNKNOWN,1,10.0899
3,1,1,1,768,716604,0,0,0.0,0.99,3,19,3,UNKNOWN,1,85.8709
3,1,1,1,595,196158,0,0,0.0,0.99,3,19,3,UNKNOWN,1,8.98887
3,1,1,1,744,1313822,0,0,0.0,0.99,3,19,3,UNKNOWN,1,4.55372
8,0,1,1,1216,200584,0,0,0.0,0.99,3,19,3,UNKNOWN,1,1.13883
3,0,1,1,826,1277242,0,0,0.0,0.99,3,19,3,UNKNOWN,1,8.99865
8,1,1,1,1531,376477,0,0,0.0,0.9896,3,19,3,UNKNOWN,1,508.702
2,1,1,1,712,662078,0,0,0.0,0.9896,3,19,3,UNKNOWN,1,54.5063
3,1,1,1,705,38070,0,0,0.0,0.9896,3,19,3,UNKNOWN,1,4.49606
7,0,1,1,1267,37464,0,0,0.0,0.9935,5,19,3,UNKNOWN,1,313.19
3,6,1,0,1015,748661,0,0,0.0,0.9935,5,19,3,UNKNOWN,1,1340.62
3,1,1,1,953,1200048,0,0,0.0,0.9935,5,19,3,UNKNOWN,1,3.30366
7,0,1,1,1206,6924329,0,0,0.0,0.9935,5,19,3,UNKNOWN,1,37.9202
0,1,0,0,43,450,0,0,0.0,0.9935,5,19,3,UNKNOWN,0,0.007513
0,1,0,0,56,450,0,0,0.0,0.9935,5,19,3,UNKNOWN,0,0.00319
0,1,0,0,58,400,0,0,0.0,0.9935,5,19,3,UNKNOWN,0,0.004168
0,1,0,0,46,300,0,0,0.0,0.9935,5,19,3,UNKNOWN,0,0.005194
0,1,0,0,43,500,0,0,0.0,0.9935,5,19,3,UNKNOWN,0,0.00635
0,1,0,0,47,350,0,0,0.0,0.9935,5,19,3,UNKNOWN,0,0.004388
0,1,0,0,47,450,0,0,0.0,0.9935,5,19,3,UNKNOWN,0,0.00125
0,1,0,0,47,300,0,0,0.0,0.9935,5,19,3,UNKNOWN,0,0.002482
0,1,0,0,57,400,0,0,0.0,0.9935,5,19,3,UNKNOWN,0,0.001578
0,1,0,0,51,300,0,0,0.0,0.9935,5,19,3,UNKNOWN,0,0.002731
0,1,0,0,52,500,0,0,0.0,0.9935,5,19,3,UNKNOWN,0,0.003793
0,1,0,0,43,400,0,0,0.0,0.9935,5,19,3,UNKNOWN,0,0.004057
0,1,0,0,41,400,0,0,0.0,0.9935,5,19,3,UNKNOWN,0,0.002496
0,1,0,0,52,400,0,0,0.0,0.9935,5,19,3,UNKNOWN,0,0.002687
0,1,0,0,62,400,0,0,0.0,0.9935,5,19,3,UNKNOWN,0,0.004069
0,1,0,0,55,500,0,0,0.0,0.9935,5,19,3,UNKNOWN,0,0.00437
0,1,0,0,58,400,0,0,0.0,0.9935,5,19,3,UNKNOWN,0,0.005572
0,1,0,0,41,350,0,0,0.0,0.9935,5,19,3,UNKNOWN,0,0.00247
0,1,0,0,44,300,0,0,0.0,0.9935,5,19,3,UNKNOWN,0,0.002013
0,1,0,0,52,350,0,0,0.0,0.9935,5,19,3,UNKNOWN,0,0.003506
0,1,0,0,60,350,0,0,0.0,0.9935,5,19,3,UNKNOWN,0,0.00356
0,1,0,0,47,450,0,0,0.0,0.9935,5,19,3,UNKNOWN,0,0.00308
0,1,0,0,45,400,0,0,0.0,0.9935,5,19,3,UNKNOWN,0,0.004945
0,1,0,0,42,500,0,0,0.0,0.9935,5,19,3,UNKNOWN,0,0.00185
0,1,0,0,59,500,0,0,0.0,0.9935,5,19,3,UNKNOWN,0,0.00128
0,1,0,0,50,450,0,0,0.0,0.9935,5,19,3,UNKNOWN,0,0.002048
0,1,0,0,50,500,0,0,0.0,0.9935,5,19,3,UNKNOWN,0,0.001954
0,1,0,0,44,350,0,0,0.0,0.9935,5,19,3,UNKNOWN,0,0.000469
0,1,0,0,49,500,0,0,0.0,0.9935,5,19,3,UNKNOWN,0,0.003054
0,1,0,0,47,350,0,0,0.0,0.9935,5,19,3,UNKNOWN,0,0.00049
0,1,0,0,45,450,0,0,0.0,0.9935,5,19,3,UNKNOWN,0,0.001898
0,1,0,0,41,500,0,0,0.0,0.9935,5,19,3,UNKNOWN,0,0.00322
0,1,0,0,47,500,0,0,0.0,0.9935,5,19,3,UNKNOWN,0,0.00124
0,1,0,0,57,500,0,0,0.0,0.9935,5,19,3,UNKNOWN,0,0.004455
0,1,0,0,60,300,0,0,0.0,0.9935,5,19,3,UNKNOWN,0,0.003464
0,1,0,0,42,450,0,0,0.0,0.9935,5,19,3,UNKNOWN,0,0.003832
0,1,0,0,52,350,0,0,0.0,0.9935,5,19,3,UNKNOWN,0,0.000545
0,1,0,0,47,300,0,0,0.0,0.9935,5,19,3,UNKNOWN,0,0.000499
0,1,0,0,47,400,0,0,0.0,0.9935,5,19,3,UNKNOWN,0,0.000422
0,1,0,0,58,300,0,0,0.0,0.9935,5,19,3,UNKNOWN,0,0.003308
0,1,0,0,52,450,0,0,0.0,0.9935,5,19,3,UNKNOWN,0,0.000473
0,1,0,0,46,300,0,0,0.0,0.9935,5,19,3,UNKNOWN,0,0.003093
0,1,0,0,43,350,0,0,0.0,0.9935,5,19,3,UNKNOWN,0,0.0041
0,1,0,0,43,500,0,0,0.0,0.9935,5,19,3,UNKNOWN,0,0.005562
0,1,0,0,47,500,0,0,0.0,0.9935,5,19,3,UNKNOWN,0,0.008039
0,1,0,0,43,300,0,0,0.0,0.9935,5,19,3,UNKNOWN,0,0.003919
0,1,0,0,49,350,0,0,0.0,0.9935,5,19,3,UNKNOWN,0,0.002466
0,1,0,0,47,400,0,0,0.0,0.9935,5,19,3,UNKNOWN,0,0.004205
0,1,0,0,44,400,0,0,0.0,0.9935,5,19,3,UNKNOWN,0,0.003058
0,1,0,0,50,300,0,0,0.0,0.9935,5,19,3,UNKNOWN,0,0.001313
0,1,0,0,57,350,0,0,0.0,0.9935,5,19,3,UNKNOWN,0,0.00167
0,1,0,0,50,300,0,0,0.0,0.9935,5,19,3,UNKNOWN,0,0.004198
0,1,0,0,44,450,0,0,0.0,0.9935,5,19,3,UNKNOWN,0,0.003337
0,1,0,0,45,450,0,0,0.0,0.9935,5,19,3,UNKNOWN,0,0.004708
0,1,0,0,44,450,0,0,0.0,0.9935,5,19,3,UNKNOWN,0,0.000606
0,1,0,0,51,500,0,0,0.0,0.9935,5,19,3,UNKNOWN,0,0.005263
0,1,0,0,51,450,0,0,0.0,0.9935,5,19,3,UNKNOWN,0,0.004643
0,1,0,0,48,300,0,0,0.0,0.9935,5,19,3,UNKNOWN,0,0.003238
0,1,0,0,46,450,0,0,0.0,0.9935,5,19,3,UNKNOWN,0,0.00468
0,1,0,0,46,450,0,0,0.0,0.9935,5,19,3,UNKNOWN,0,0.005994
0,1,0,0,42,300,0,0,0.0,0.9935,5,19,3,UNKNOWN,0,0.005099
0,1,0,0,62,350,0,0,0.0,0.9935,5,19,3,UNKNOWN,0,0.004692
0,1,0,0,44,500,0,0,0.0,0.9935,5,19,3,UNKNOWN,0,0.001008
0,1,0,0,48,350,0,0,0.0,0.9935,5,19,3,UNKNOWN,0,0.006412
0,1,0,0,59,350,0,0,0.0,0.9935,5,19,3,UNKNOWN,0,0.000491
0,1,0,0,45,300,0,0,0.0,0.9935,5,19,3,UNKNOWN,0,0.001313
0,1,0,0,56,350,0,0,0.0,0.9935,5,19,3,UNKNOWN,0,0.002153
0,1,0,0,59,350,0,0,0.0,0.9935,5,19,3,UNKNOWN,0,0.004309
0,1,0,0,60,500,0,0,0.0,0.9935,5,19,3,UNKNOWN,0,0.004311
0,1,0,0,49,400,0,0,0.0,0.9935,5,19,3,UNKNOWN,0,0.002842
0,1,0,0,45,500,0,0,0.0,0.9935,5,19,3,UNKNOWN,0,0.005566
0,1,0,0,45,350,0,0,0.0,0.9935,5,19,3,UNKNOWN,0,0.00173
0,1,0,0,44,300,0,0,0.0,0.9935,5,19,3,UNKNOWN,0,0.004546
0,1,0,0,52,450,0,0,0.0,0.9935,5,19,3,UNKNOWN,0,0.003599
0,1,0,0,53,400,0,0,0.0,0.9935,5,19,3,UNKNOWN,0,0.005079
0,1,0,0,50,350,0,0,0.0,0.9935,5,19,3,UNKNOWN,0,0.001586
0,1,0,0,51,400,0,0,0.0,0.9935,5,19,3,UNKNOWN,0,0.004142
0,1,0,0,55,300,0,0,0.0,0.9935,5,19,3,UNKNOWN,0,0.002986
0,1,0,0,58,500,0,0,0.0,0.9935,5,19,3,UNKNOWN,0,0.004833
0,1,0,0,52,400,0,0,0.0,0.9935,5,19,3,UNKNOWN,0,0.000482
0,1,0,0,52,300,0,0,0.0,0.9935,5,19,3,UNKNOWN,0,0.003043
0,1,0,0,52,500,0,0,0.0,0.9935,5,19,3,UNKNOWN,0,0.000401
0,1,0,0,44,500,0,0,0.0,0.9935,5,19,3,UNKNOWN,0,0.00615
0,1,0,0,49,300,0,0,0.0,0.9935,5,19,3,UNKNOWN,0,0.002262
0,1,0,0,43,400,0,0,0.0,0.9935,5,19,3,UNKNOWN,0,0.007074
0,1,0,0,58,450,0,0,0.0,0.9935,5,19,3,UNKNOWN,0,0.00449
0,1,0,0,59,300,0,0,0.0,0.9935,5,19,3,UNKNOWN,0,0.000398
0,1,0,0,59,300,0,0,0.0,0.9935,5,19,3,UNKNOWN,0,0.003877
0,1,0,0,57,300,0,0,0.0,0.9935,5,19,3,UNKNOWN,0,0.002779
0,1,0,0,46,400,0,0,0.0,0.9935,5,19,3,UNKNOWN,0,0.004661
0,1,0,0,56,500,0,0,0.0,0.9935,5,19,3,UNKNOWN,0,0.003062
0,1,0,0,58,450,0,0,0.0,0.9935,5,19,3,UNKNOWN,0,0.004445
0,1,0,0,45,350,0,0,0.0,0.9935,5,19,3,UNKNOWN,0,0.003966
0,1,0,0,55,450,0,0,0.0,0.9935,5,19,3,UNKNOWN,0,0.006109
0,1,0,0,51,500,0,0,0.0,0.9935,5,19,3,UNKNOWN,0,0.00593
0,1,0,0,42,400,0,0,0.0,0.9935,3,19,3,UNKNOWN,0,0.00218
0,1,0,0,45,400,0,0,0.0,0.9935,3,19,3,UNKNOWN,0,0.00385
0,1,0,0,47,400,0,0,0.0,0.9935,3,19,3,UNKNOWN,0,0.003706
0,1,0,0,52,300,0,0,0.0,0.9935,3,19,3,UNKNOWN,0,0.000537
0,1,0,0,47,450,0,0,0.0,0.9935,3,19,3,UNKNOWN,0,0.004059
0,1,0,0,62,450,0,0,0.0,0.9935,3,19,3,UNKNOWN,0,0.004263
0,1,0,0,49,450,0,0,0.0,0.9935,3,19,3,UNKNOWN,0,0.003256
0,1,0,0,51,350,0,0,0.0,0.9935,3,19,3,UNKNOWN,0,0.003863
0,1,0,0,55,350,0,0,0.0,0.9935,3,19,3,UNKNOWN,0,0.00375
0,1,0,0,43,300,0,0,0.0,0.9935,3,19,3,UNKNOWN,0,0.002932
0,1,0,0,62,500,0,0,0.0,0.9935,3,19,3,UNKNOWN,0,0.004545
0,1,0,0,50,350,0,0,0.0,0.9935,3,19,3,UNKNOWN,0,0.003197
0,1,0,0,56,400,0,0,0.0,0.9935,3,19,3,UNKNOWN,0,0.002721
0,1,0,0,51,450,0,0,0.0,0.9935,3,19,3,UNKNOWN,0,0.004806
0,1,0,0,59,450,0,0,0.0,0.9935,3,19,3,UNKNOWN,0,0.000499
0,1,0,0,53,300,0,0,0.0,0.9935,3,19,3,UNKNOWN,0,0.00284
0,1,0,0,44,350,0,0,0.0,0.9935,3,19,3,UNKNOWN,0,0.002381
0,1,0,0,58,300,0,0,0.0,0.9935,3,19,3,UNKNOWN,0,0.00282
0,1,0,0,60,450,0,0,0.0,0.9935,3,19,3,UNKNOWN,0,0.004017
0,1,0,0,57,450,0,0,0.0,0.9935,3,19,3,UNKNOWN,0,0.001948
0,1,0,0,45,500,0,0,0.0,0.9935,3,19,3,UNKNOWN,0,0.004063
0,1,0,0,46,500,0,0,0.0,0.9935,3,19,3,UNKNOWN,0,0.004861
0,1,0,0,59,500,0,0,0.0,0.9935,3,19,3,UNKNOWN,0,0.003643
0,1,0,0,51,350,0,0,0.0,0.9935,3,19,3,UNKNOWN,0,0.003467
0,1,0,0,46,350,0,0,0.0,0.9935,3,19,3,UNKNOWN,0,0.003368
0,1,0,0,50,450,0,0,0.0,0.9935,3,19,3,UNKNOWN,0,0.004074
0,1,0,0,50,500,0,0,0.0,0.9935,3,19,3,UNKNOWN,0,0.004591
0,1,0,0,45,300,0,0,0.0,0.9935,3,19,3,UNKNOWN,0,0.002952
0,1,0,0,47,350,0,0,0.0,0.9935,3,19,3,UNKNOWN,0,0.003211
0,1,0,0,59,400,0,0,0.0,0.9935,3,19,3,UNKNOWN,0,0.003241
0,1,0,0,59,400,0,0,0.0,0.9935,3,19,3,UNKNOWN,0,0.00044
0,1,0,0,48,400,0,0,0.0,0.9935,3,19,3,UNKNOWN,0,0.003806
0,1,0,0,46,500,0,0,0.0,0.9935,3,19,3,UNKNOWN,0,0.005511
0,1,0,0,51,300,0,0,0.0,0.9935,3,19,3,UNKNOWN,0,0.003381
0,1,0,0,46,400,0,0,0.0,0.9935,3,19,3,UNKNOWN,0,0.003981
0,1,0,0,41,300,0,0,0.0,0.9935,3,19,3,UNKNOWN,0,0.002115
0,1,0,0,47,500,0,0,0.0,0.9935,3,19,3,UNKNOWN,0,0.004012
0,1,0,0,50,400,0,0,0.0,0.9935,3,19,3,UNKNOWN,0,0.003838
0,1,0,0,44,450,0,0,0.0,0.9935,3,19,3,UNKNOWN,0,0.003109
6,0,1,1,1181,14250,0,0,0.0,0.9935,3,19,3,UNKNOWN,1,14.7008
0,1,0,0,44,400,0,0,0.0,0.9935,3,19,3,UNKNOWN,0,0.000493
0,1,0,0,53,450,0,0,0.0,0.9935,3,19,3,UNKNOWN,0,0.004891
0,1,0,0,55,400,0,0,0.0,0.9935,3,19,3,UNKNOWN,0,0.003886
0,1,0,0,41,450,0,0,0.0,0.9935,3,19,3,UNKNOWN,0,0.004575
0,1,0,0,60,400,0,0,0.0,0.9935,3,19,3,UNKNOWN,0,0.003862
0,1,0,0,48,450,0,0,0.0,0.9935,3,19,3,UNKNOWN,0,0.004447
0,1,0,0,58,350,0,0,0.0,0.9935,3,19,3,UNKNOWN,0,0.003637
0,1,0,0,44,400,0,0,0.0,0.9935,3,19,3,UNKNOWN,0,0.003035
0,1,0,0,44,500,0,0,0.0,0.9935,3,19,3,UNKNOWN,0,0.002988
0,1,0,0,50,400,0,0,0.0,0.9935,3,19,3,UNKNOWN,0,0.003196
0,1,0,0,46,350,0,0,0.0,0.9935,3,19,3,UNKNOWN,0,0.003862
0,1,0,0,56,300,0,0,0.0,0.9935,3,19,3,UNKNOWN,0,0.002129
0,1,0,0,58,350,0,0,0.0,0.9935,3,19,3,UNKNOWN,0,0.003871
0,1,0,0,44,300,0,0,0.0,0.9935,3,19,3,UNKNOWN,0,0.000457
0,1,0,0,58,500,0,0,0.0,0.9935,3,19,3,UNKNOWN,0,0.004647
0,1,0,0,44,350,0,0,0.0,0.9935,3,19,3,UNKNOWN,0,0.002938
5,1,1,1,983,58383,0,0,0.0,0.9934,3,19,3,UNKNOWN,1,6.96906
4,1,1,1,1077,81476,0,0,0.0,0.9934,3,19,3,UNKNOWN,1,6.12126
3,1,1,1,1155,112706,0,0,0.0,0.9934,3,19,3,UNKNOWN,1,4.92595
3,1,1,1,874,92965,0,0,0.0,0.9934,3,19,3,UNKNOWN,1,5.20183
4,1,1,1,945,83173,0,0,0.0,0.9934,3,19,3,UNKNOWN,1,5.05891
9,0,1,1,1558,17260,0,0,0.0,0.9934,3,19,3,UNKNOWN,1,4.73471
0,1,0,0,51,400,0,0,0.0,0.9934,3,19,3,UNKNOWN,0,0.004311
0,1,0,0,47,300,0,0,0.0,0.9934,3,19,3,UNKNOWN,0,0.00304
0,1,0,0,42,350,0,0,0.0,0.9934,3,19,3,UNKNOWN,0,0.001566
0,1,0,0,48,500,0,0,0.0,0.9934,3,19,3,UNKNOWN,0,0.004207
0,1,0,0,53,500,0,0,0.0,0.9934,3,19,3,UNKNOWN,0,0.0041
0,1,0,0,53,350,0,0,0.0,0.9934,3,19,3,UNKNOWN,0,0.003318
7,0,1,1,1267,32491,0,0,0.0,0.9934,3,19,3,UNKNOWN,1,13.7283
4,1,1,1,1049,38070,0,0,0.0,0.9934,3,19,3,UNKNOWN,1,6.95408
5,1,1,1,1436,362052,0,0,0.0,0.9934,3,19,3,UNKNOWN,1,2.77716
3,1,1,1,1239,362052,0,0,0.0,0.9934,3,19,3,UNKNOWN,1,2.12094
3,1,1,1,1580,362052,0,0,0.0,0.9934,3,19,3,UNKNOWN,1,1.78763
10,0,1,1,2075,339463,0,0,0.0,0.9934,3,19,3,UNKNOWN,1,2.75305
12,1,1,1,2325,38128,0,0,0.0,0.9934,3,19,3,UNKNOWN,1,8.26614
10,0,1,1,1704,14365,0,0,0.0,0.9934,3,19,3,UNKNOWN,1,6.57161
9,0,1,1,1782,6915400,0,0,0.0,0.9934,3,19,3,UNKNOWN,1,6.82588
8,1,1,1,1794,49168,0,0,0.0,0.9934,3,19,3,UNKNOWN,1,6.32837
7,0,1,1,1328,14246,0,0,0.0,0.9934,3,19,3,UNKNOWN,1,6.15819
2,5,1,1,1718,1834130,0,0,0.0,0.9934,3,19,3,UNKNOWN,1,1.24068
4,4,1,1,1273,1446099,0,0,0.0,0.9934,3,19,3,UNKNOWN,1,8.58395
4,5,1,1,1753,1446099,0,0,0.0,0.9934,3,19,3,UNKNOWN,1,7.47965
4,4,1,1,1892,1493018,0,0,0.0,0.9934,3,19,3,UNKNOWN,1,6.91145
0,1,0,0,43,450,0,0,0.0,0.9934,3,19,3,UNKNOWN,0,0.004303
0,1,0,0,59,450,0,0,0.0,0.9934,3,19,3,UNKNOWN,0,0.002962
0,1,0,0,43,350,0,0,0.0,0.9934,3,19,3,UNKNOWN,0,0.003017
3,9,1,1,1496,3825224,0,0,0.0,0.9936,3,20,3,UNKNOWN,1,1.52364
2,5,1,1,1403,3808837,0,0,0.0,0.9936,3,20,3,UNKNOWN,1,2.1257
3,7,1,1,1714,283549,0,0,0.0,0.9936,3,20,3,UNKNOWN,1,1.31929
4,7,1,1,1769,1015568,0,0,0.0,0.9936,3,20,3,UNKNOWN,1,11.6717
6,26,1,1,4157,662000,0,0,0.0,0.9936,3,20,3,UNKNOWN,1,3.89084
6,20,1,1,3349,668236,0,0,0.0,0.9936,3,20,3,UNKNOWN,1,2.94185
6,19,1,1,3209,666196,0,0,0.0,0.9936,3,20,3,UNKNOWN,1,3.22842
6,19,1,1,3209,710145,0,0,0.0,0.9936,3,20,3,UNKNOWN,1,3.34421
0,33,1,1,5663,476168,0,0,0.0,0.9936,3,20,3,UNKNOWN,1,2.52436
0,16,1,1,3024,626848,0,0,0.0,0.9936,3,20,3,UNKNOWN,1,1.47065
0,62,1,1,5960,532453,0,0,0.0,0.9936,3,20,3,UNKNOWN,1,2.80903
2,10,1,1,1906,2848786,0,0,0.0,0.9936,3,20,3,UNKNOWN,1,1.28061
2,8,1,1,2174,2848796,0,0,0.0,0.9936,3,20,3,UNKNOWN,1,1.12783
0,1,0,0,62,300,0,0,0.0,0.9936,3,20,3,UNKNOWN,0,0.002895
2,0,1,1,226,900036,0,0,0.0,0.9936,3,20,3,UNKNOWN,1,2.03882
2,1,1,1,243,139362,0,0,0.0,0.9929,9,20,3,UNKNOWN,1,11.9379
2,1,1,1,213,126230,0,0,0.0,0.9929,9,20,3,UNKNOWN,1,10.0641
1,1,1,1,195,132990,0,0,0.0,0.9929,9,20,3,UNKNOWN,1,9.67834
2,0,1,1,216,170450,0,0,0.0,0.9929,9,20,3,UNKNOWN,1,9.98293
2,0,1,1,190,296498,0,0,0.0,0.9929,9,20,3,UNKNOWN,1,10.7784
1,1,1,1,244,99129,0,0,0.0,0.9929,9,20,3,UNKNOWN,1,5.32025
2,0,1,1,289,871480,0,0,0.0,0.9929,9,20,3,UNKNOWN,1,2.44944
2,1,1,1,226,202674,0,0,0.0,0.9929,9,20,3,UNKNOWN,1,11.1438
2,0,1,1,208,155980,0,0,0.0,0.9929,9,20,3,UNKNOWN,1,10.4581
1,0,1,1,240,125463,0,0,0.0,0.9929,9,20,3,UNKNOWN,1,1.90423
1,1,1,1,298,630048,0,0,0.0,0.9929,9,20,3,UNKNOWN,1,80.2077
2,1,1,1,374,183327,0,0,0.0,0.9929,9,20,3,UNKNOWN,1,8.81164
2,1,1,1,240,113666,0,0,0.0,0.9929,9,20,3,UNKNOWN,1,2.07817
2,0,1,1,239,151425,0,0,0.0,0.9929,9,20,3,UNKNOWN,1,10.3803
1,1,1,1,200,81153,0,0,0.0,0.9929,9,20,3,UNKNOWN,1,2.33953
1,0,1,1,186,93887,0,0,0.0,0.9929,9,20,3,UNKNOWN,1,1.12176
2,1,1,1,225,91622,0,0,0.0,0.9929,9,20,3,UNKNOWN,1,2.8981
1,1,1,1,167,171654,0,0,0.0,0.9929,9,20,3,UNKNOWN,1,1.21746
1,1,1,1,226,59607,0,0,0.0,0.9929,9,20,3,UNKNOWN,1,6.45077
2,1,1,1,254,157248,0,0,0.0,0.9929,9,20,3,UNKNOWN,1,1.91504
1,0,1,1,165,120000,0,0,0.0,0.9929,9,20,3,UNKNOWN,1,8.9804
2,0,1,1,314,51345180,0,0,0.0,0.9929,9,20,3,UNKNOWN,1,202.045
0,4,1,0,321,335129,0,0,0.0,0.9928,9,21,3,UNKNOWN,1,10.3024
2,0,1,1,229,232349,0,0,0.0,0.9928,9,21,3,UNKNOWN,1,1.73144
1,1,1,1,224,120012,0,0,0.0,0.9928,9,21,3,UNKNOWN,1,6.20559
2,0,1,1,204,113940,0,0,0.0,0.9928,9,21,3,UNKNOWN,1,2.91954
2,1,1,1,251,106792,0,0,0.0,0.9928,9,21,3,UNKNOWN,1,3.71454
2,1,1,1,212,136944,0,0,0.0,0.9928,9,21,3,UNKNOWN,1,3.19635
0,0,1,1,169,600043,0,0,0.0,0.9928,9,21,3,UNKNOWN,1,61.0463
3,0,1,1,427,125090,0,0,0.0,0.9928,9,21,3,UNKNOWN,1,2.98322
1,1,1,1,386,65493,0,0,0.0,0.9928,9,21,3,UNKNOWN,1,1.12566
0,0,1,1,121,340016,0,0,0.0,0.9928,9,21,3,UNKNOWN,1,61.1099
0,2,1,1,332,617463,0,0,0.0,0.9928,9,21,3,UNKNOWN,1,43.6833
0,3,1,0,395,98499,0,0,0.0,0.9928,9,21,3,UNKNOWN,1,4.53489
3,0,1,1,246,200844,0,0,0.0,0.9928,9,21,3,UNKNOWN,1,10.4696
2,1,1,1,478,153053,0,0,0.0,0.9928,9,21,3,UNKNOWN,1,7.53573
1,1,1,1,187,217756,0,0,0.0,0.9928,9,21,3,UNKNOWN,1,1.56582
0,1,1,1,177,600040,0,0,0.0,0.9928,9,21,3,UNKNOWN,1,61.3135
0,2,1,0,231,600024,0,0,0.0,0.9928,9,21,3,UNKNOWN,1,78.3988
1,0,1,1,178,60052,0,0,0.0,0.9928,9,21,3,UNKNOWN,1,6.4027
0,3,1,0,281,1863336,0,0,0.0,0.9928,9,21,3,UNKNOWN,1,1.30037
1,1,1,1,191,60730,0,0,0.0,0.9928,9,21,3,UNKNOWN,1,7.25633
1,0,1,1,167,176970,0,0,0.0,0.9928,9,21,3,UNKNOWN,1,8.97775
2,0,1,1,395,51345180,0,0,0.0,0.9928,9,21,3,UNKNOWN,1,199.392
0,4,1,0,362,702029,0,0,0.0,0.9928,9,21,3,UNKNOWN,1,11.0986
0,2,1,0,331,1260054,0,0,0.0,0.9928,9,21,3,UNKNOWN,1,70.4543
1,3,1,0,348,130245,0,0,0.0,0.9928,9,21,3,UNKNOWN,1,7.67025
1,2,1,1,309,784584,0,0,0.0,0.9928,9,21,3,UNKNOWN,1,5.51103
0,3,1,0,414,3630495,0,0,0.0,0.9928,9,21,3,UNKNOWN,1,5.15934
0,4,1,1,663,35169115,0,0,0.0,0.9928,9,21,3,UNKNOWN,1,46.641
0,0,1,1,180,340016,0,0,0.0,0.9928,9,21,3,UNKNOWN,1,52.9473
0,4,1,0,458,338260,0,0,0.0,0.9928,9,21,3,UNKNOWN,1,7.49129
0,3,1,1,410,940046,0,0,0.0,0.9928,9,21,3,UNKNOWN,1,4.41782
0,4,1,1,564,322646,0,0,0.0,0.9928,9,21,3,UNKNOWN,1,24.2377
2,1,1,0,205,123952,0,0,0.0,0.9928,9,21,3,UNKNOWN,1,5.44776
1,4,1,1,629,8550919,0,0,0.0,0.9928,9,21,3,UNKNOWN,1,86.9971
2,5,1,1,622,9214932,0,0,0.0,0.9915,9,21,3,UNKNOWN,1,43.5817
1,1,1,1,252,171654,0,0,0.0,0.9915,9,21,3,UNKNOWN,1,11.0281
0,1,1,0,167,1799286,0,0,0.0,0.9915,9,21,3,UNKNOWN,1,1.46421
0,1,1,1,160,2700124,0,0,0.0,0.9915,9,21,3,UNKNOWN,1,4.31094
0,2,1,1,203,1425922,0,0,0.0,0.9915,9,21,3,UNKNOWN,1,11.7165
0,1,1,0,165,54078,0,0,0.0,0.9915,9,21,3,UNKNOWN,1,1.16892
0,3,1,0,447,1540064,0,0,0.0,0.9915,9,21,3,UNKNOWN,1,158.849
0,0,1,1,188,92518,0,0,0.0,0.9915,9,21,3,UNKNOWN,1,1.81495
0,4,1,0,535,5429655,0,0,0.0,0.9915,9,21,3,UNKNOWN,1,5.20777
0,3,1,0,307,702029,0,0,0.0,0.9915,9,21,3,UNKNOWN,1,11.5668
0,3,1,0,550,126236,0,0,0.0,0.9915,9,21,3,UNKNOWN,1,8.42807
0,6,1,0,536,300012,0,0,0.0,0.9915,9,21,3,UNKNOWN,1,1.3967
0,4,1,0,548,2440100,0,0,0.0,0.9915,9,21,3,UNKNOWN,1,165.211
0,3,1,0,285,155864,0,0,0.0,0.9915,9,21,3,UNKNOWN,1,1.68347
1,3,1,0,711,143949,0,0,0.0,0.9915,9,21,3,UNKNOWN,1,2.40285
0,5,1,0,718,309936,0,0,0.0,0.9915,9,21,3,UNKNOWN,1,3.03826
0,2,1,1,470,1217485,0,0,0.0,0.9915,9,21,3,UNKNOWN,1,45.3902
0,3,1,1,364,402023,0,0,0.0,0.9915,9,21,3,UNKNOWN,1,8.57614
2,1,1,1,404,749143,0,0,0.0,0.9915,9,21,3,UNKNOWN,1,6.11353
0,4,1,0,351,313985,0,0,0.0,0.9915,9,21,3,UNKNOWN,1,4.00343
4,0,1,1,423,946948,0,0,0.0,0.9915,9,21,3,UNKNOWN,1,5.40013
0,4,1,0,495,1270052,0,0,0.0,0.9915,9,21,3,UNKNOWN,1,155.119
0,0,1,1,272,600037,0,0,0.0,0.9915,9,21,3,UNKNOWN,1,67.7131
0,4,1,0,515,5487038,0,0,0.0,0.9915,9,21,3,UNKNOWN,1,4.81894
0,3,1,0,728,105865,0,0,0.0,0.9915,9,21,3,UNKNOWN,1,1.4389
0,6,1,0,593,300012,0,0,0.0,0.9915,9,21,3,UNKNOWN,1,1.33861
3,1,1,1,743,212743,0,0,0.0,0.9915,9,21,3,UNKNOWN,1,1.6608
1,1,1,1,677,104106,0,0,0.0,0.9905,10,21,3,UNKNOWN,1,1.7307
2,1,1,1,556,993885,0,0,0.0,0.9905,10,21,3,UNKNOWN,1,28.8411
1,0,1,1,1469,94091,0,0,0.0,0.9905,10,21,3,UNKNOWN,1,1.36361
0,4,1,1,540,1240058,0,0,0.0,0.9905,10,21,3,UNKNOWN,1,75.669
1,1,1,1,557,69328,0,0,0.0,0.9905,10,21,3,UNKNOWN,1,1.48435
2,2,1,1,712,112798,0,0,0.0,0.9905,10,21,3,UNKNOWN,1,1.0848
2,1,1,1,477,182091,0,0,0.0,0.9905,10,21,3,UNKNOWN,1,649.816
0,3,1,0,350,1540064,0,0,0.0,0.9905,10,21,3,UNKNOWN,1,147.837
3,1,1,1,1044,963092,0,0,0.0,0.9905,10,21,3,UNKNOWN,1,14.3042
0,0,1,1,213,600035,0,0,0.0,0.9905,10,21,3,UNKNOWN,1,1.28897
1,0,1,1,330,135030,0,0,0.0,0.9905,10,21,3,UNKNOWN,1,5.80563
3,0,1,1,570,307428,0,0,0.0,0.9905,10,21,3,UNKNOWN,1,20.3478
4,1,1,1,1009,173560,0,0,0.0,0.9905,10,21,3,UNKNOWN,1,14.5478
3,3,1,1,907,656996,0,0,0.0,0.9905,10,21,3,UNKNOWN,1,131.765
0,4,1,0,359,1895337,0,0,0.0,0.9905,10,21,3,UNKNOWN,1,2.32144
0,4,1,1,559,963585,0,0,0.0,0.9905,10,21,3,UNKNOWN,1,9.27446
0,5,1,0,676,1840076,0,0,0.0,0.9905,10,21,3,UNKNOWN,1,158.35
0,0,1,0,326,1200048,0,0,0.0,0.9905,10,21,3,UNKNOWN,1,10.8013
0,5,1,0,669,1927338,0,0,0.0,0.9905,10,21,3,UNKNOWN,1,2.23775
4,7,1,1,1182,3022094,0,0,0.0,0.9905,10,21,3,UNKNOWN,1,76.6584
0,4,1,0,839,116179,0,0,0.0,0.9905,10,21,3,UNKNOWN,1,1.76499
6,2,1,1,2343,18614904,0,0,0.0,0.9905,10,21,3,UNKNOWN,1,59.0281
0,6,1,0,720,346174,0,0,0.0,0.9905,10,21,3,UNKNOWN,1,8.63656
0,4,1,0,400,792033,0,0,0.0,0.9905,10,21,3,UNKNOWN,1,18.7685
5,0,1,1,710,1404593,0,0,0.0,0.9904,10,21,3,UNKNOWN,1,17.8826
3,1,1,1,502,673932,0,0,0.0,0.9903,10,21,3,UNKNOWN,1,119.905
0,5,1,1,662,1540070,0,0,0.0,0.9903,10,21,3,UNKNOWN,1,85.7072
0,1,1,1,183,2700124,0,0,0.0,0.9903,10,21,3,UNKNOWN,1,6.07272
2,2,1,1,845,17310528,0,0,0.0,0.9903,10,21,3,UNKNOWN,1,43.1032
2,1,1,1,800,235628,0,0,0.0,0.9903,10,21,3,UNKNOWN,1,7.4019
3,0,1,1,309,946948,0,0,0.0,0.9903,10,21,3,UNKNOWN,1,2672.75
0,6,1,1,813,1217486,0,0,0.0,0.9903,10,21,3,UNKNOWN,1,53.5261
0,4,1,1,881,5481141,0,0,0.0,0.9903,10,21,3,UNKNOWN,1,5.45855
0,1,1,1,249,2634169,0,0,0.0,0.9903,10,21,3,UNKNOWN,1,3.96032
0,1,1,1,192,3900178,0,0,0.0,0.9903,10,21,3,UNKNOWN,1,7.59668
3,1,1,1,495,125061,0,0,0.0,0.9903,10,21,3,UNKNOWN,1,1.32047
0,1,1,0,178,71997,0,0,0.0,0.9903,10,21,3,UNKNOWN,1,2.7786
0,1,1,0,225,78093,0,0,0.0,0.9903,10,21,3,UNKNOWN,1,3.00434
0,1,1,0,173,300032,0,0,0.0,0.9898,10,21,3,UNKNOWN,1,1.44897
0,1,1,0,157,1799286,0,0,0.0,0.9898,10,21,3,UNKNOWN,1,2.82614
2,1,1,1,393,17832165,0,0,0.0,0.9898,10,21,3,UNKNOWN,1,168.721
4,0,1,1,323,363129,0,0,0.0,0.9898,10,21,3,UNKNOWN,1,31.9707
3,1,1,1,876,219310,0,0,0.0,0.9898,10,21,3,UNKNOWN,1,20.3845
2,0,1,1,243,64234,0,0,0.0,0.9898,10,21,3,UNKNOWN,1,8.37516
2,0,1,1,266,830400,0,0,0.0,0.9898,10,21,3,UNKNOWN,1,2.75977
0,1,1,0,146,320202,0,0,0.0,0.9898,10,21,3,UNKNOWN,1,85.6405
0,1,1,1,211,1302891,0,0,0.0,0.9898,10,21,3,UNKNOWN,1,2.41637
4,0,1,1,335,946948,0,0,0.0,0.9898,10,21,3,UNKNOWN,1,2697.07
2,0,1,1,343,51345180,0,0,0.0,0.9898,10,21,3,UNKNOWN,1,337.598
3,0,1,1,298,169180,0,0,0.0,0.9898,10,21,3,UNKNOWN,1,10.5663
0,5,1,0,633,1300054,0,0,0.0,0.9898,10,21,3,UNKNOWN,1,206.988
2,0,1,1,250,346948,0,0,0.0,0.9898,10,21,3,UNKNOWN,1,5.78089
2,0,1,1,259,148512,0,0,0.0,0.9898,10,21,3,UNKNOWN,1,14.7798
4,0,1,1,318,900036,0,0,0.0,0.9898,10,21,3,UNKNOWN,1,6.20226
0,5,1,0,720,5519039,0,0,0.0,0.9898,10,21,3,UNKNOWN,1,6.26917
0,5,1,0,1131,157840,0,0,0.0,0.9898,10,21,3,UNKNOWN,1,4.07199
0,7,1,0,896,4848613,0,0,0.0,0.9898,10,21,3,UNKNOWN,1,17.1788
0,3,1,0,338,1240052,0,0,0.0,0.9897,12,21,3,UNKNOWN,1,137.856
0,6,1,1,756,1840082,0,0,0.0,0.9897,12,21,3,UNKNOWN,1,75.0993
2,3,1,1,1033,34433408,0,0,0.0,0.9897,12,21,3,UNKNOWN,1,47.5612
1,1,1,1,366,99721,0,0,0.0,0.9897,12,21,3,UNKNOWN,1,3.68711
0,8,1,1,976,1217486,0,0,0.0,0.9897,12,21,3,UNKNOWN,1,44.9345
0,4,1,1,906,11083806,0,0,0.0,0.9897,12,21,3,UNKNOWN,1,9.65117
0,6,1,0,433,1927338,0,0,0.0,0.9897,12,21,3,UNKNOWN,1,2.92647
3,0,1,1,592,149776,0,0,0.0,0.9897,12,21,3,UNKNOWN,1,3.79148
0,2,1,1,320,600042,0,0,0.0,0.9897,12,21,3,UNKNOWN,1,64.2412
0,4,1,0,350,352295,0,0,0.0,0.9897,12,21,3,UNKNOWN,1,3.13162
0,6,1,0,737,1332055,0,0,0.0,0.9897,12,21,3,UNKNOWN,1,159.407
0,0,1,1,319,1200061,0,0,0.0,0.9897,12,21,3,UNKNOWN,1,63.8963
0,6,1,0,803,5551040,0,0,0.0,0.9897,12,21,3,UNKNOWN,1,6.31321
6,3,1,1,1146,6038985,0,0,0.0,0.9897,12,21,3,UNKNOWN,1,9.69082
0,5,1,0,1161,191911,0,0,0.0,0.9897,12,21,3,UNKNOWN,1,9.72627
0,1,1,1,166,2700124,0,0,0.0,0.9897,12,21,3,UNKNOWN,1,4.26039
0,1,1,0,135,300032,0,0,0.0,0.9897,12,21,3,UNKNOWN,1,1.24854
0,1,1,0,166,1799286,0,0,0.0,0.9897,12,21,3,UNKNOWN,1,2.36315
0,1,1,1,210,1302891,0,0,0.0,0.9897,12,21,3,UNKNOWN,1,1.8542
0,8,1,0,997,6349818,0,0,0.0,0.9897,12,21,3,UNKNOWN,1,23.1373
0,1,1,1,216,1000052,0,0,0.0,0.9897,12,21,3,UNKNOWN,1,1.30584
0,1,1,0,174,300032,0,0,0.0,0.9897,12,21,3,UNKNOWN,1,1.27223
0,1,1,0,210,1831287,0,0,0.0,0.9897,12,21,3,UNKNOWN,1,2.5829
0,3,1,0,337,704030,0,0,0.0,0.9897,12,21,3,UNKNOWN,1,138.261
0,1,1,0,195,320183,0,0,0.0,0.9897,12,21,3,UNKNOWN,1,61.2107
0,1,1,1,248,3249086,0,0,0.0,0.9897,12,21,3,UNKNOWN,1,4.4872
0,1,1,0,219,71997,0,0,0.0,0.9897,12,21,3,UNKNOWN,1,4.16051
3,4,1,1,1305,51603200,0,0,0.0,0.9897,12,21,3,UNKNOWN,1,89.9196
2,4,1,1,1071,235782,0,0,0.0,0.9897,12,21,3,UNKNOWN,1,5.00592
0,3,1,0,405,1840076,0,0,0.0,0.9897,12,21,3,UNKNOWN,1,148.597
0,10,1,1,1205,1593912,0,0,0.0,0.9897,12,21,3,UNKNOWN,1,49.6039
0,5,1,1,1106,18606585,0,0,0.0,0.9897,12,21,3,UNKNOWN,1,16.0615
0,3,1,0,355,5397654,0,0,0.0,0.9897,12,21,3,UNKNOWN,1,7.15904
0,8,1,0,895,1332055,0,0,0.0,0.99,12,21,3,UNKNOWN,1,168.804
0,25,1,0,4479,823303,0,0,0.0,0.99,12,21,3,UNKNOWN,1,109.179
6,1,1,1,826,415965,0,0,0.0,0.99,12,21,3,UNKNOWN,1,13.205
1,1,1,1,581,239482,0,0,0.0,0.99,12,21,3,UNKNOWN,1,2.94489
3,0,1,1,293,181253,0,0,0.0,0.99,12,21,3,UNKNOWN,1,1122.6
3,0,1,1,307,1587629,0,0,0.0,0.99,12,21,3,UNKNOWN,1,4.53492
0,3,1,1,370,940046,0,0,0.0,0.99,12,21,3,UNKNOWN,1,1.84211
1,0,1,1,347,125161,0,0,0.0,0.99,12,21,3,UNKNOWN,1,1.17413
3,0,1,1,287,125061,0,0,0.0,0.99,12,21,3,UNKNOWN,1,1.10122
2,0,1,1,261,300082,0,0,0.0,0.99,12,21,3,UNKNOWN,1,1.66363
2,1,1,1,561,1546972,0,0,0.0,0.99,12,21,3,UNKNOWN,1,27.6296
3,0,1,1,293,332392,0,0,0.0,0.99,12,21,3,UNKNOWN,1,8.43824
0,7,1,0,945,5583041,0,0,0.0,0.99,12,21,3,UNKNOWN,1,6.79942
0,1,0,0,47,600,0,0,0.0,0.99,12,21,3,UNKNOWN,0,0.008399
0,1,0,0,43,1000,0,0,0.0,0.99,12,21,3,UNKNOWN,0,0.004151
0,1,0,0,45,600,0,0,0.0,0.99,12,21,3,UNKNOWN,0,0.007418
0,1,0,0,42,1000,0,0,0.0,0.99,12,21,3,UNKNOWN,0,0.008924
0,1,0,0,59,800,0,0,0.0,0.99,12,21,3,UNKNOWN,0,0.004266
0,1,0,0,60,850,0,0,0.0,0.99,12,21,3,UNKNOWN,0,0.003683
0,1,0,0,58,550,0,0,0.0,0.99,12,21,3,UNKNOWN,0,0.007032
0,1,0,0,42,600,0,0,0.0,0.99,12,21,3,UNKNOWN,0,0.004937
0,1,0,0,51,900,0,0,0.0,0.99,12,21,3,UNKNOWN,0,0.011334
0,1,0,0,59,750,0,0,0.0,0.99,12,21,3,UNKNOWN,0,0.004237
0,1,0,0,44,850,0,0,0.0,0.99,12,21,3,UNKNOWN,0,0.009382
0,1,0,0,49,850,0,0,0.0,0.99,12,21,3,UNKNOWN,0,0.005144
0,1,0,0,58,550,0,0,0.0,0.99,12,21,3,UNKNOWN,0,0.008125
0,1,0,0,44,700,0,0,0.0,0.99,12,21,3,UNKNOWN,0,0.005775
0,1,0,0,52,700,0,0,0.0,0.99,12,21,3,UNKNOWN,0,0.00538
0,1,0,0,60,1000,0,0,0.0,0.99,12,21,3,UNKNOWN,0,0.000522
0,1,0,0,62,800,0,0,0.0,0.99,12,21,3,UNKNOWN,0,0.006061
0,1,0,0,44,850,0,0,0.0,0.99,12,21,3,UNKNOWN,0,0.01145
0,1,0,0,58,700,0,0,0.0,0.99,12,21,3,UNKNOWN,0,0.006004
0,1,0,0,56,900,0,0,0.0,0.99,12,21,3,UNKNOWN,0,0.005319
0,1,0,0,48,700,0,0,0.0,0.99,12,21,3,UNKNOWN,0,0.013658
0,1,0,0,47,800,0,0,0.0,0.99,12,21,3,UNKNOWN,0,0.017891
0,1,0,0,45,750,0,0,0.0,0.99,12,21,3,UNKNOWN,0,0.010546
0,1,0,0,45,800,0,0,0.0,0.99,12,21,3,UNKNOWN,0,0.007703
0,1,0,0,45,800,0,0,0.0,0.99,12,21,3,UNKNOWN,0,0.003811
0,1,0,0,50,750,0,0,0.0,0.99,12,21,3,UNKNOWN,0,0.007416
0,1,0,0,44,550,0,0,0.0,0.99,12,21,3,UNKNOWN,0,0.00403
0,1,0,0,47,700,0,0,0.0,0.99,12,21,3,UNKNOWN,0,0.007154
0,1,0,0,44,750,0,0,0.0,0.99,12,21,3,UNKNOWN,0,0.005745
0,1,0,0,51,750,0,0,0.0,0.99,12,21,3,UNKNOWN,0,0.009605
0,1,0,0,53,1000,0,0,0.0,0.99,12,21,3,UNKNOWN,0,0.001199
0,1,0,0,47,950,0,0,0.0,0.99,12,21,3,UNKNOWN,0,0.000617
0,1,0,0,47,600,0,0,0.0,0.99,12,21,3,UNKNOWN,0,0.007625
0,1,0,0,44,700,0,0,0.0,0.99,12,21,3,UNKNOWN,0,0.006439
0,1,0,0,44,650,0,0,0.0,0.99,12,21,3,UNKNOWN,0,0.004245
0,1,0,0,44,550,0,0,0.0,0.99,12,21,3,UNKNOWN,0,0.004456
0,1,0,0,43,600,0,0,0.0,0.99,12,21,3,UNKNOWN,0,0.005569
0,1,0,0,47,550,0,0,0.0,0.99,12,21,3,UNKNOWN,0,0.004619
0,1,0,0,50,550,0,0,0.0,0.99,12,21,3,UNKNOWN,0,0.003386
0,1,0,0,47,850,0,0,0.0,0.99,12,21,3,UNKNOWN,0,0.007972
0,1,0,0,47,900,0,0,0.0,0.99,12,21,3,UNKNOWN,0,0.006886
0,1,0,0,46,700,0,0,0.0,0.99,12,21,3,UNKNOWN,0,0.011029
0,1,0,0,41,800,0,0,0.0,0.99,12,21,3,UNKNOWN,0,0.005984
0,1,0,0,43,550,0,0,0.0,0.99,12,21,3,UNKNOWN,0,0.005201
0,1,0,0,59,800,0,0,0.0,0.99,12,21,3,UNKNOWN,0,0.000596
0,1,0,0,53,600,0,0,0.0,0.99,12,21,3,UNKNOWN,0,0.006719
0,1,0,0,45,550,0,0,0.0,0.99,12,21,3,UNKNOWN,0,0.003455
0,1,0,0,42,950,0,0,0.0,0.99,12,21,3,UNKNOWN,0,0.003884
0,1,0,0,52,950,0,0,0.0,0.99,12,21,3,UNKNOWN,0,0.006108
0,1,0,0,44,900,0,0,0.0,0.99,12,21,3,UNKNOWN,0,0.007765
0,1,0,0,51,750,0,0,0.0,0.99,12,21,3,UNKNOWN,0,0.010981
0,1,0,0,52,850,0,0,0.0,0.99,12,21,3,UNKNOWN,0,0.007094
0,1,0,0,58,900,0,0,0.0,0.99,12,21,3,UNKNOWN,0,0.005371
0,1,0,0,51,850,0,0,0.0,0.99,12,21,3,UNKNOWN,0,0.010649
0,1,0,0,42,800,0,0,0.0,0.99,12,21,3,UNKNOWN,0,0.003153
0,1,0,0,48,1000,0,0,0.0,0.99,12,21,3,UNKNOWN,0,0.014518
0,1,0,0,60,600,0,0,0.0,0.99,12,21,3,UNKNOWN,0,0.005506
0,1,0,0,41,750,0,0,0.0,0.99,12,21,3,UNKNOWN,0,0.006892
0,1,0,0,50,950,0,0,0.0,0.99,12,21,3,UNKNOWN,0,0.009317
0,1,0,0,46,950,0,0,0.0,0.99,12,21,3,UNKNOWN,0,0.010839
0,1,0,0,41,550,0,0,0.0,0.99,12,21,3,UNKNOWN,0,0.0042
0,1,0,0,49,1000,0,0,0.0,0.99,12,21,3,UNKNOWN,0,0.007889
0,1,0,0,53,850,0,0,0.0,0.99,12,21,3,UNKNOWN,0,0.007897
0,1,0,0,47,650,0,0,0.0,0.99,12,21,3,UNKNOWN,0,0.008326
0,1,0,0,59,850,0,0,0.0,0.99,12,21,3,UNKNOWN,0,0.005406
0,1,0,0,59,550,0,0,0.0,0.99,12,21,3,UNKNOWN,0,0.00572
0,1,0,0,53,750,0,0,0.0,0.99,12,21,3,UNKNOWN,0,0.007132
0,1,0,0,59,600,0,0,0.0,0.99,12,21,3,UNKNOWN,0,0.004083
0,1,0,0,57,1000,0,0,0.0,0.99,12,21,3,UNKNOWN,0,0.003947
0,1,0,0,42,550,0,0,0.0,0.99,12,21,3,UNKNOWN,0,0.003903
0,1,0,0,48,750,0,0,0.0,0.99,12,21,3,UNKNOWN,0,0.006077
0,1,0,0,46,750,0,0,0.0,0.99,12,21,3,UNKNOWN,0,0.008444
0,1,0,0,45,850,0,0,0.0,0.99,12,21,3,UNKNOWN,0,0.006682
0,1,0,0,60,700,0,0,0.0,0.99,12,21,3,UNKNOWN,0,0.004227
0,1,0,0,62,750,0,0,0.0,0.99,12,21,3,UNKNOWN,0,0.00632
0,1,0,0,56,700,0,0,0.0,0.99,12,21,3,UNKNOWN,0,0.004692
0,1,0,0,59,650,0,0,0.0,0.99,12,21,3,UNKNOWN,0,0.000719
0,1,0,0,45,550,0,0,0.0,0.99,12,21,3,UNKNOWN,0,0.005241
0,1,0,0,50,900,0,0,0.0,0.99,12,21,3,UNKNOWN,0,0.003076
0,1,0,0,47,550,0,0,0.0,0.99,12,21,3,UNKNOWN,0,0.00703
0,1,0,0,52,1000,0,0,0.0,0.99,12,21,3,UNKNOWN,0,0.013603
0,1,0,0,47,750,0,0,0.0,0.99,12,21,3,UNKNOWN,0,0.007371
0,1,0,0,51,700,0,0,0.0,0.99,12,21,3,UNKNOWN,0,0.009509
0,1,0,0,46,900,0,0,0.0,0.99,12,21,3,UNKNOWN,0,0.010024
0,1,0,0,43,800,0,0,0.0,0.99,12,21,3,UNKNOWN,0,0.007907
0,1,0,0,55,700,0,0,0.0,0.99,12,21,3,UNKNOWN,0,0.007817
0,1,0,0,43,950,0,0,0.0,0.99,12,21,3,UNKNOWN,0,0.010869
0,1,0,0,45,950,0,0,0.0,0.99,12,21,3,UNKNOWN,0,0.007243
0,1,0,0,58,700,0,0,0.0,0.99,12,21,3,UNKNOWN,0,0.006754
0,1,0,0,50,750,0,0,0.0,0.99,12,21,3,UNKNOWN,0,0.005271
0,1,0,0,45,700,0,0,0.0,0.99,12,21,3,UNKNOWN,0,0.004467
0,1,0,0,52,900,0,0,0.0,0.99,12,21,3,UNKNOWN,0,0.006911
0,1,0,0,43,900,0,0,0.0,0.99,12,21,3,UNKNOWN,0,0.012521
0,1,0,0,46,550,0,0,0.0,0.99,12,21,3,UNKNOWN,0,0.00752
0,1,0,0,59,700,0,0,0.0,0.99,12,21,3,UNKNOWN,0,0.004265
0,1,0,0,47,800,0,0,0.0,0.99,12,21,3,UNKNOWN,0,0.000664
0,1,0,0,50,850,0,0,0.0,0.99,12,21,3,UNKNOWN,0,0.004223
8,4,1,1,1427,9033606,0,0,0.0,0.9895,11,21,3,UNKNOWN,1,15.0905
0,7,1,0,1066,210045,0,0,0.0,0.9895,11,21,3,UNKNOWN,1,15.9403
0,0,1,1,1522,788114,0,0,0.0,0.9895,11,21,3,UNKNOWN,1,9.95751
3,0,1,1,262,440943,0,0,0.0,0.9895,11,21,3,UNKNOWN,1,22.0435
1,1,1,1,251,89114,0,0,0.0,0.9895,11,21,3,UNKNOWN,1,6.94033
5,3,1,1,3283,181608,0,0,0.0,0.9895,11,21,3,UNKNOWN,1,33.5424
0,9,1,0,1088,7850662,0,0,0.0,0.9895,11,21,3,UNKNOWN,1,33.5964
0,3,1,0,357,1240052,0,0,0.0,0.9895,11,21,3,UNKNOWN,1,156.023
0,9,1,1,1067,2202095,0,0,0.0,0.9895,11,21,3,UNKNOWN,1,94.627
1,0,1,1,235,155656,0,0,0.0,0.9895,11,21,3,UNKNOWN,1,5.45182
0,1,0,0,52,750,0,0,0.0,0.9895,11,21,3,UNKNOWN,0,0.00933
0,1,0,0,58,950,0,0,0.0,0.9895,11,21,3,UNKNOWN,0,0.006089
0,1,0,0,53,700,0,0,0.0,0.9895,11,21,3,UNKNOWN,0,0.007178
0,1,0,0,50,700,0,0,0.0,0.9895,11,21,3,UNKNOWN,0,0.009594
0,1,0,0,55,800,0,0,0.0,0.9895,11,21,3,UNKNOWN,0,0.010545
0,1,0,0,47,600,0,0,0.0,0.9895,11,21,3,UNKNOWN,0,0.000694
0,1,0,0,50,650,0,0,0.0,0.9895,11,21,3,UNKNOWN,0,0.002806
0,1,0,0,60,950,0,0,0.0,0.9895,11,21,3,UNKNOWN,0,0.003739
0,1,0,0,56,1000,0,0,0.0,0.9895,11,21,3,UNKNOWN,0,0.008759
0,1,0,0,57,700,0,0,0.0,0.9895,11,21,3,UNKNOWN,0,0.00218
0,1,0,0,45,900,0,0,0.0,0.9895,11,21,3,UNKNOWN,0,0.003489
0,1,0,0,41,700,0,0,0.0,0.9895,11,21,3,UNKNOWN,0,0.008193
0,1,0,0,51,950,0,0,0.0,0.9895,11,21,3,UNKNOWN,0,0.010242
0,1,0,0,45,900,0,0,0.0,0.9895,11,21,3,UNKNOWN,0,0.010651
0,1,0,0,52,600,0,0,0.0,0.9895,11,21,3,UNKNOWN,0,0.005957
0,1,0,0,43,650,0,0,0.0,0.9895,11,21,3,UNKNOWN,0,0.008596
0,1,0,0,44,650,0,0,0.0,0.9895,11,21,3,UNKNOWN,0,0.001376
0,1,0,0,42,750,0,0,0.0,0.9895,11,21,3,UNKNOWN,0,0.005822
0,1,0,0,41,850,0,0,0.0,0.9895,11,21,3,UNKNOWN,0,0.005636
0,1,0,0,50,550,0,0,0.0,0.9895,11,21,3,UNKNOWN,0,0.006969
0,1,0,0,50,1000,0,0,0.0,0.9895,11,21,3,UNKNOWN,0,0.006639
0,1,0,0,58,600,0,0,0.0,0.9895,11,21,3,UNKNOWN,0,0.006935
0,1,0,0,56,800,0,0,0.0,0.9895,11,21,3,UNKNOWN,0,0.004227
0,1,0,0,51,650,0,0,0.0,0.9895,11,21,3,UNKNOWN,0,0.009966
0,1,0,0,50,600,0,0,0.0,0.9895,11,21,3,UNKNOWN,0,0.005736
0,1,0,0,43,900,0,0,0.0,0.9895,11,21,3,UNKNOWN,0,0.011143
0,1,0,0,59,600,0,0,0.0,0.9895,11,21,3,UNKNOWN,0,0.00064
0,1,0,0,53,950,0,0,0.0,0.9895,11,21,3,UNKNOWN,0,0.007769
0,1,0,0,47,650,0,0,0.0,0.9895,11,21,3,UNKNOWN,0,0.007206
0,1,0,0,47,900,0,0,0.0,0.9895,11,21,3,UNKNOWN,0,0.000635
0,1,0,0,43,650,0,0,0.0,0.9895,11,21,3,UNKNOWN,0,0.010301
0,1,0,0,51,650,0,0,0.0,0.9895,11,21,3,UNKNOWN,0,0.006894
0,1,0,0,44,800,0,0,0.0,0.9895,11,21,3,UNKNOWN,0,0.000669
0,1,0,0,52,550,0,0,0.0,0.9895,11,21,3,UNKNOWN,0,0.004792
0,1,0,0,45,750,0,0,0.0,0.9895,11,21,3,UNKNOWN,0,0.008626
0,1,0,0,52,850,0,0,0.0,0.9895,11,21,3,UNKNOWN,0,0.000602
0,1,0,0,47,550,0,0,0.0,0.9895,11,21,3,UNKNOWN,0,0.000754
0,1,0,0,56,850,0,0,0.0,0.9895,11,21,3,UNKNOWN,0,0.004766
0,1,0,0,47,850,0,0,0.0,0.9895,11,21,3,UNKNOWN,0,0.000525
0,1,0,0,49,900,0,0,0.0,0.9895,11,21,3,UNKNOWN,0,0.00716
0,1,0,0,42,850,0,0,0.0,0.9895,11,21,3,UNKNOWN,0,0.004631
0,1,0,0,52,650,0,0,0.0,0.9895,11,21,3,UNKNOWN,0,0.007291
0,1,0,0,49,550,0,0,0.0,0.9895,11,21,3,UNKNOWN,0,0.003312
0,1,0,0,52,650,0,0,0.0,0.9895,11,21,3,UNKNOWN,0,0.000493
0,1,0,0,46,850,0,0,0.0,0.9895,11,21,3,UNKNOWN,0,0.00953
0,1,0,0,55,750,0,0,0.0,0.9895,11,21,3,UNKNOWN,0,0.007108
0,1,0,0,44,1000,0,0,0.0,0.9895,11,21,3,UNKNOWN,0,0.010595
0,1,0,0,50,600,0,0,0.0,0.9895,11,21,3,UNKNOWN,0,0.002854
0,1,0,0,46,700,0,0,0.0,0.9895,11,21,3,UNKNOWN,0,0.008003
0,1,0,0,50,650,0,0,0.0,0.9895,11,21,3,UNKNOWN,0,0.00766
0,1,0,0,57,800,0,0,0.0,0.9895,11,21,3,UNKNOWN,0,0.002034
0,1,0,0,51,850,0,0,0.0,0.9895,11,21,3,UNKNOWN,0,0.010231
0,1,0,0,46,550,0,0,0.0,0.9895,11,21,3,UNKNOWN,0,0.009001
0,1,0,0,59,900,0,0,0.0,0.9895,11,21,3,UNKNOWN,0,0.006183
0,1,0,0,56,550,0,0,0.0,0.9895,11,21,3,UNKNOWN,0,0.004606
0,1,0,0,46,1000,0,0,0.0,0.9895,11,21,3,UNKNOWN,0,0.010848
0,1,0,0,51,700,0,0,0.0,0.9895,11,21,3,UNKNOWN,0,0.011159
0,1,0,0,56,750,0,0,0.0,0.9895,11,21,3,UNKNOWN,0,0.005475
0,1,0,0,44,1000,0,0,0.0,0.9895,11,21,3,UNKNOWN,0,0.01322
0,1,0,0,60,550,0,0,0.0,0.9895,11,21,3,UNKNOWN,0,0.006186
0,1,0,0,60,650,0,0,0.0,0.9895,11,21,3,UNKNOWN,0,0.005053
0,1,0,0,57,600,0,0,0.0,0.9895,11,21,3,UNKNOWN,0,0.002247
0,1,0,0,44,600,0,0,0.0,0.9895,11,21,3,UNKNOWN,0,0.000521
0,1,0,0,41,900,0,0,0.0,0.9895,11,21,3,UNKNOWN,0,0.007185
0,1,0,0,51,1000,0,0,0.0,0.9895,11,21,3,UNKNOWN,0,0.00473
0,1,0,0,57,550,0,0,0.0,0.9895,11,21,3,UNKNOWN,0,0.003458
0,1,0,0,47,1000,0,0,0.0,0.9895,11,21,3,UNKNOWN,0,0.010892
0,1,0,0,46,800,0,0,0.0,0.9895,11,21,3,UNKNOWN,0,0.009771
0,1,0,0,57,950,0,0,0.0,0.9895,11,21,3,UNKNOWN,0,0.002216
0,1,0,0,58,850,0,0,0.0,0.9895,11,21,3,UNKNOWN,0,0.008078
1,1,1,1,232,946948,0,0,0.0,0.9895,11,22,3,UNKNOWN,1,4.14628
3,5,1,1,1519,68726080,0,0,0.0,0.9895,11,22,3,UNKNOWN,1,106.614
2,6,1,1,1203,235882,0,0,0.0,0.9895,11,22,3,UNKNOWN,1,2.22361
0,12,1,1,1303,2028913,0,0,0.0,0.9895,11,22,3,UNKNOWN,1,108.707
0,6,1,1,1269,28049289,0,0,0.0,0.9895,11,22,3,UNKNOWN,1,23.5099
4,1,1,1,834,268550,0,0,0.0,0.9895,11,22,3,UNKNOWN,1,657.488
0,9,1,0,994,1332055,0,0,0.0,0.9895,11,22,3,UNKNOWN,1,269.756
0,8,1,0,1109,5615042,0,0,0.0,0.9895,11,22,3,UNKNOWN,1,7.92153
10,5,1,1,1721,12033089,0,0,0.0,0.9895,11,22,3,UNKNOWN,1,21.7153
0,7,1,0,1521,220322,0,0,0.0,0.9895,11,22,3,UNKNOWN,1,6.51514
0,10,1,0,1169,9353796,0,0,0.0,0.9895,11,22,3,UNKNOWN,1,37.5239
3,1,1,1,633,38073,0,0,0.0,0.9895,11,22,3,UNKNOWN,1,263.107
4,1,1,1,651,35994,0,0,0.0,0.9895,11,22,3,UNKNOWN,1,10.0522
2,1,1,1,1217,245381,0,0,0.0,0.9895,11,22,3,UNKNOWN,1,14.3163
3,1,1,1,878,376023,0,0,0.0,0.9895,11,22,3,UNKNOWN,1,34.8112
0,11,1,1,1235,2202095,0,0,0.0,0.9895,11,22,3,UNKNOWN,1,146.361
0,4,1,0,516,97559,0,0,0.0,0.9895,11,22,3,UNKNOWN,1,1.23282
0,1,0,0,59,650,0,0,0.0,0.9895,11,22,3,UNKNOWN,0,0.005557
0,1,0,0,59,900,0,0,0.0,0.9895,11,22,3,UNKNOWN,0,0.001113
0,1,0,0,43,600,0,0,0.0,0.9895,11,22,3,UNKNOWN,0,0.006668
0,1,0,0,44,600,0,0,0.0,0.9895,11,22,3,UNKNOWN,0,0.004736
0,1,0,0,58,650,0,0,0.0,0.9895,11,22,3,UNKNOWN,0,0.005188
0,1,0,0,48,850,0,0,0.0,0.9895,11,22,3,UNKNOWN,0,0.006885
0,1,0,0,50,800,0,0,0.0,0.9895,11,22,3,UNKNOWN,0,0.007059
0,1,0,0,58,800,0,0,0.0,0.9895,11,22,3,UNKNOWN,0,0.004851
0,1,0,0,46,1000,0,0,0.0,0.9895,11,22,3,UNKNOWN,0,0.005411
0,1,0,0,41,950,0,0,0.0,0.9895,11,22,3,UNKNOWN,0,0.008749
0,1,0,0,45,600,0,0,0.0,0.9895,11,22,3,UNKNOWN,0,0.002327
0,1,0,0,49,800,0,0,0.0,0.9895,11,22,3,UNKNOWN,0,0.005326
0,1,0,0,42,650,0,0,0.0,0.9895,11,22,3,UNKNOWN,0,0.006515
0,1,0,0,41,650,0,0,0.0,0.9895,11,22,3,UNKNOWN,0,0.006638
0,1,0,0,48,950,0,0,0.0,0.9895,11,22,3,UNKNOWN,0,0.007927
0,1,0,0,47,950,0,0,0.0,0.9895,11,22,3,UNKNOWN,0,0.013745
0,1,0,0,44,900,0,0,0.0,0.9895,11,22,3,UNKNOWN,0,0.000602
0,1,0,0,53,800,0,0,0.0,0.9895,11,22,3,UNKNOWN,0,0.006336
0,1,0,0,42,700,0,0,0.0,0.9895,11,22,3,UNKNOWN,0,0.006161
0,1,0,0,59,1000,0,0,0.0,0.9895,11,22,3,UNKNOWN,0,0.007717
0,1,0,0,43,800,0,0,0.0,0.9895,11,22,3,UNKNOWN,0,0.008283
0,1,0,0,50,950,0,0,0.0,0.9895,11,22,3,UNKNOWN,0,0.004871
0,1,0,0,53,550,0,0,0.0,0.9895,11,22,3,UNKNOWN,0,0.006036
0,1,0,0,57,900,0,0,0.0,0.9895,11,22,3,UNKNOWN,0,0.003495
0,1,0,0,61,1000,0,0,0.0,0.9895,11,22,3,UNKNOWN,0,0.004571
0,1,0,0,45,1000,0,0,0.0,0.9895,11,22,3,UNKNOWN,0,0.009285
0,1,0,0,49,950,0,0,0.0,0.9895,11,22,3,UNKNOWN,0,0.006315
0,1,0,0,44,950,0,0,0.0,0.9895,11,22,3,UNKNOWN,0,0.006021
0,1,0,0,60,750,0,0,0.0,0.9895,11,22,3,UNKNOWN,0,0.004435
0,1,0,0,56,600,0,0,0.0,0.9895,11,22,3,UNKNOWN,0,0.003459
0,1,0,0,62,600,0,0,0.0,0.9895,11,22,3,UNKNOWN,0,0.005849
0,1,0,0,47,700,0,0,0.0,0.9895,11,22,3,UNKNOWN,0,0.000585
0,1,0,0,59,1000,0,0,0.0,0.9895,11,22,3,UNKNOWN,0,0.005606
0,1,0,0,50,850,0,0,0.0,0.9895,11,22,3,UNKNOWN,0,0.009558
0,1,0,0,43,750,0,0,0.0,0.9895,11,22,3,UNKNOWN,0,0.00879
0,1,0,0,45,650,0,0,0.0,0.9895,11,22,3,UNKNOWN,0,0.006516
0,1,0,0,43,950,0,0,0.0,0.9895,11,22,3,UNKNOWN,0,0.009109
0,1,0,0,43,550,0,0,0.0,0.9895,11,22,3,UNKNOWN,0,0.005568
0,1,0,0,41,600,0,0,0.0,0.9895,11,22,3,UNKNOWN,0,0.008994
0,1,0,0,57,850,0,0,0.0,0.9895,11,22,3,UNKNOWN,0,0.002974
0,1,0,0,52,900,0,0,0.0,0.9895,11,22,3,UNKNOWN,0,0.000658
0,1,0,0,47,850,0,0,0.0,0.9895,11,22,3,UNKNOWN,0,0.008704
0,1,0,0,62,550,0,0,0.0,0.9895,11,22,3,UNKNOWN,0,0.006508
0,1,0,0,52,600,0,0,0.0,0.9895,11,22,3,UNKNOWN,0,0.003147
0,1,0,0,43,850,0,0,0.0,0.9895,11,22,3,UNKNOWN,0,0.020377
0,1,0,0,50,700,0,0,0.0,0.9895,11,22,3,UNKNOWN,0,0.007471
2,0,1,1,258,830400,0,0,0.0,0.9899,11,22,3,UNKNOWN,1,109.124
2,5,1,0,887,9233345,0,0,0.0,0.9899,11,22,3,UNKNOWN,1,69.194
2,0,1,1,223,322319,0,0,0.0,0.9899,11,22,3,UNKNOWN,1,33.7125
4,6,1,1,1779,85895872,0,0,0.0,0.9899,11,22,3,UNKNOWN,1,181.594
2,0,1,1,276,242756,0,0,0.0,0.9899,11,22,3,UNKNOWN,1,22.1644
4,7,1,1,1362,274041,0,0,0.0,0.9899,11,22,3,UNKNOWN,1,10.8319
0,17,1,1,1763,2701470,0,0,0.0,0.9899,11,22,3,UNKNOWN,1,203.087
0,7,1,1,1451,69185710,0,0,0.0,0.9899,11,22,3,UNKNOWN,1,54.7719
2,0,1,1,261,1643844,0,0,0.0,0.9899,11,22,3,UNKNOWN,1,2866.77
2,0,1,1,243,242756,0,0,0.0,0.9899,11,22,3,UNKNOWN,1,26.4431
0,10,1,0,1146,1364056,0,0,0.0,0.9899,11,22,3,UNKNOWN,1,261.586
0,9,1,0,1318,5647043,0,0,0.0,0.9899,11,22,3,UNKNOWN,1,8.82623
12,6,1,1,1985,15205342,0,0,0.0,0.9899,11,22,3,UNKNOWN,1,26.1164
0,8,1,0,1650,278260,0,0,0.0,0.9899,11,22,3,UNKNOWN,1,22.558
0,12,1,0,1383,12357127,0,0,0.0,0.9899,11,22,3,UNKNOWN,1,57.5463
0,13,1,1,1476,2234096,0,0,0.0,0.9899,11,22,3,UNKNOWN,1,141.19
0,1,0,0,55,650,0,0,0.0,0.9899,11,22,3,UNKNOWN,0,0.006587
0,1,0,0,59,700,0,0,0.0,0.9899,11,22,3,UNKNOWN,0,0.000553
0,1,0,0,46,800,0,0,0.0,0.9899,11,22,3,UNKNOWN,0,0.011719
0,1,0,0,43,750,0,0,0.0,0.9899,11,22,3,UNKNOWN,0,0.00752
0,1,0,0,46,600,0,0,0.0,0.9899,11,22,3,UNKNOWN,0,0.006563
0,1,0,0,55,550,0,0,0.0,0.9899,11,22,3,UNKNOWN,0,0.006209
0,1,0,0,53,1000,0,0,0.0,0.9899,11,22,3,UNKNOWN,0,0.006886
0,1,0,0,44,900,0,0,0.0,0.9899,11,22,3,UNKNOWN,0,0.005956
0,1,0,0,62,900,0,0,0.0,0.9899,11,22,3,UNKNOWN,0,0.005554
0,1,0,0,52,800,0,0,0.0,0.9899,11,22,3,UNKNOWN,0,0.00129
0,1,0,0,60,900,0,0,0.0,0.9899,11,22,3,UNKNOWN,0,0.004721
0,1,0,0,46,600,0,0,0.0,0.9899,11,22,3,UNKNOWN,0,0.006852
0,1,0,0,59,750,0,0,0.0,0.9899,11,22,3,UNKNOWN,0,0.007012
0,1,0,0,44,600,0,0,0.0,0.9899,11,22,3,UNKNOWN,0,0.00426
0,1,0,0,51,950,0,0,0.0,0.9899,11,22,3,UNKNOWN,0,0.009076
0,1,0,0,49,750,0,0,0.0,0.9899,11,22,3,UNKNOWN,0,0.004945
0,1,0,0,50,900,0,0,0.0,0.9899,11,22,3,UNKNOWN,0,0.008417
0,1,0,0,55,950,0,0,0.0,0.9899,11,22,3,UNKNOWN,0,0.008542
0,1,0,0,44,850,0,0,0.0,0.9899,11,22,3,UNKNOWN,0,0.001024
0,1,0,0,57,750,0,0,0.0,0.9899,11,22,3,UNKNOWN,0,0.00231
0,1,0,0,48,550,0,0,0.0,0.9899,11,22,3,UNKNOWN,0,0.007362
0,1,0,0,50,800,0,0,0.0,0.9899,11,22,3,UNKNOWN,0,0.003016
0,1,0,0,44,750,0,0,0.0,0.9899,11,22,3,UNKNOWN,0,0.000555
0,1,0,0,63,1000,0,0,0.0,0.9899,11,22,3,UNKNOWN,0,0.006786
0,1,0,0,45,850,0,0,0.0,0.9899,11,22,3,UNKNOWN,0,0.003167
0,1,0,0,62,850,0,0,0.0,0.9899,11,22,3,UNKNOWN,0,0.005681
0,1,0,0,56,650,0,0,0.0,0.9899,11,22,3,UNKNOWN,0,0.003523
0,1,0,0,47,900,0,0,0.0,0.9899,11,22,3,UNKNOWN,0,0.015697
0,1,0,0,51,1000,0,0,0.0,0.9899,11,22,3,UNKNOWN,0,0.008414
0,1,0,0,47,750,0,0,0.0,0.9899,11,22,3,UNKNOWN,0,0.000583
0,1,0,0,46,650,0,0,0.0,0.9899,11,22,3,UNKNOWN,0,0.006719
0,1,0,0,55,850,0,0,0.0,0.9899,11,22,3,UNKNOWN,0,0.007121
0,1,0,0,58,1000,0,0,0.0,0.9899,11,22,3,UNKNOWN,0,0.002166
0,1,0,0,43,700,0,0,0.0,0.9899,11,22,3,UNKNOWN,0,0.013283
0,1,0,0,44,950,0,0,0.0,0.9899,11,22,3,UNKNOWN,0,0.001035
5,7,1,1,2032,103065664,0,0,0.0,0.9913,7,23,3,UNKNOWN,1,172.133
6,9,1,1,1727,344915,0,0,0.0,0.9913,7,23,3,UNKNOWN,1,5.76789
0,9,1,1,1821,93762930,0,0,0.0,0.9913,7,23,3,UNKNOWN,1,75.4088
2,0,1,1,230,1120143,0,0,0.0,0.9913,7,23,3,UNKNOWN,1,1054.55
0,12,1,0,1395,1428058,0,0,0.0,0.9913,7,23,3,UNKNOWN,1,288.06
4,0,1,1,997,996346,0,0,0.0,0.9913,7,23,3,UNKNOWN,1,1984.54
0,10,1,0,1506,5679044,0,0,0.0,0.9913,7,23,3,UNKNOWN,1,10.961
14,7,1,1,2292,18204825,0,0,0.0,0.9913,7,23,3,UNKNOWN,1,39.6613
4,10,1,0,1645,346053,0,0,0.0,0.9913,7,23,3,UNKNOWN,1,22.9022
0,14,1,0,1581,15357493,0,0,0.0,0.9913,7,23,3,UNKNOWN,1,64.2178
0,15,1,1,1735,2298098,0,0,0.0,0.9913,7,23,3,UNKNOWN,1,147.502
9,0,1,1,1589,346940,0,0,0.0,0.9913,7,23,3,UNKNOWN,1,2597.45
1,1,1,1,251,90846,0,0,0.0,0.9913,7,23,3,UNKNOWN,1,3.88568
2,0,1,1,215,120000,0,0,0.0,0.9913,7,23,3,UNKNOWN,1,1.18812
7,9,1,1,2548,137405248,0,0,0.0,0.9913,7,23,3,UNKNOWN,1,236.978
1,0,1,1,312,86200,0,0,0.0,0.9913,7,23,3,UNKNOWN,1,7.4964
1,1,1,1,262,64012,0,0,0.0,0.9913,7,23,3,UNKNOWN,1,7.02897
1,1,1,1,190,83855,0,0,0.0,0.9913,7,23,3,UNKNOWN,1,3.51185
1,0,1,1,259,95594,0,0,0.0,0.9913,7,23,3,UNKNOWN,1,6.32014
1,0,1,1,204,64814,0,0,0.0,0.9913,7,23,3,UNKNOWN,1,7.1447
1,0,1,1,255,126956,0,0,0.0,0.9913,7,23,3,UNKNOWN,1,10.4924
1,0,1,1,198,102476,0,0,0.0,0.9913,7,23,3,UNKNOWN,1,6.88664
1,0,1,1,181,171654,0,0,0.0,0.9913,7,23,3,UNKNOWN,1,14.1795
0,1,0,0,53,900,0,0,0.0,0.9913,7,23,3,UNKNOWN,0,0.007741
0,1,0,0,51,600,0,0,0.0,0.9913,7,23,3,UNKNOWN,0,0.007613
0,1,0,0,56,950,0,0,0.0,0.9913,7,23,3,UNKNOWN,0,0.003442
0,1,0,0,58,800,0,0,0.0,0.9913,7,23,3,UNKNOWN,0,0.006094
0,1,0,0,52,550,0,0,0.0,0.9913,7,23,3,UNKNOWN,0,0.000537
0,1,0,0,51,600,0,0,0.0,0.9913,7,23,3,UNKNOWN,0,0.005885
0,1,0,0,46,850,0,0,0.0,0.9913,7,23,3,UNKNOWN,0,0.013765
0,1,0,0,49,600,0,0,0.0,0.9913,7,23,3,UNKNOWN,0,0.003839
0,1,0,0,48,1000,0,0,0.0,0.9913,7,23,3,UNKNOWN,0,0.18928
0,1,0,0,58,750,0,0,0.0,0.9913,7,23,3,UNKNOWN,0,0.005076
0,1,0,0,48,600,0,0,0.0,0.9913,7,23,3,UNKNOWN,0,0.00459
0,1,0,0,49,650,0,0,0.0,0.9913,7,23,3,UNKNOWN,0,0.004521
0,1,0,0,45,950,0,0,0.0,0.9913,7,23,3,UNKNOWN,0,0.022738
0,1,0,0,45,1000,0,0,0.0,0.9913,7,23,3,UNKNOWN,0,0.000625
0,1,0,0,47,1000,0,0,0.0,0.9913,7,23,3,UNKNOWN,0,0.008661
0,1,0,0,48,650,0,0,0.0,0.9913,7,23,3,UNKNOWN,0,0.004372
0,1,0,0,47,650,0,0,0.0,0.9913,7,23,3,UNKNOWN,0,0.000448
0,1,0,0,52,950,0,0,0.0,0.9913,7,23,3,UNKNOWN,0,0.000403
0,1,0,0,52,700,0,0,0.0,0.9913,7,23,3,UNKNOWN,0,0.000466
0,1,0,0,51,800,0,0,0.0,0.9913,7,23,3,UNKNOWN,0,0.009299
0,1,0,0,59,550,0,0,0.0,0.9913,7,23,3,UNKNOWN,0,0.000492
0,1,0,0,55,600,0,0,0.0,0.9913,7,23,3,UNKNOWN,0,0.005412
0,1,0,0,55,900,0,0,0.0,0.9913,7,23,3,UNKNOWN,0,0.007873
0,1,0,0,62,950,0,0,0.0,0.9913,7,23,3,UNKNOWN,0,0.005703
0,1,0,0,46,650,0,0,0.0,0.9913,7,23,3,UNKNOWN,0,0.00664
0,1,0,0,46,750,0,0,0.0,0.9913,7,23,3,UNKNOWN,0,0.021775
0,1,0,0,59,950,0,0,0.0,0.9913,7,23,3,UNKNOWN,0,0.000548
0,1,0,0,52,750,0,0,0.0,0.9913,7,23,3,UNKNOWN,0,0.000402
0,1,0,0,58,850,0,0,0.0,0.9913,7,23,3,UNKNOWN,0,0.004677
0,1,0,0,44,800,0,0,0.0,0.9202,7,23,3,UNKNOWN,0,0.009211
0,1,0,0,46,900,0,0,0.0,0.9202,7,23,3,UNKNOWN,0,0.012409
0,1,0,0,43,700,0,0,0.0,0.9202,7,23,3,UNKNOWN,0,0.00829
0,1,0,0,58,950,0,0,0.0,0.9202,7,23,3,UNKNOWN,0,0.004461
0,1,0,0,44,950,0,0,0.0,0.9202,7,23,3,UNKNOWN,0,0.01022
0,1,0,0,57,650,0,0,0.0,0.9202,7,23,3,UNKNOWN,0,0.001855
0,1,0,0,60,800,0,0,0.0,0.9202,7,23,3,UNKNOWN,0,0.00661
0,1,0,0,51,550,0,0,0.0,0.9202,7,23,3,UNKNOWN,0,0.007446
0,1,0,0,51,800,0,0,0.0,0.9202,7,23,3,UNKNOWN,0,0.009474
0,1,0,0,59,950,0,0,0.0,0.9202,7,23,3,UNKNOWN,0,0.005484
0,1,0,0,52,800,0,0,0.0,0.9202,7,23,3,UNKNOWN,0,0.007439
0,1,0,0,43,850,0,0,0.0,0.9202,7,23,3,UNKNOWN,0,0.010715
0,1,0,0,58,650,0,0,0.0,0.9202,7,23,3,UNKNOWN,0,0.005389
0,1,0,0,45,1000,0,0,0.0,0.9202,7,23,3,UNKNOWN,0,0.006156
0,1,0,0,48,900,0,0,0.0,0.9202,7,23,3,UNKNOWN,0,0.009611
0,1,0,0,44,800,0,0,0.0,0.9202,7,23,3,UNKNOWN,0,0.004939
0,1,0,0,47,700,0,0,0.0,0.9202,7,23,3,UNKNOWN,0,0.005314
0,1,0,0,44,750,0,0,0.0,0.9202,7,23,3,UNKNOWN,0,0.004661
0,1,0,0,44,700,0,0,0.0,0.9202,7,23,3,UNKNOWN,0,0.001071
4,1,1,1,1968,1297296,0,0,0.0,0.9644,7,23,3,UNKNOWN,1,2510.53
4,1,1,1,824,981835943,0,0,0.0,0.9644,7,23,3,UNKNOWN,1,5512.34
5,1,1,1,759,41576,0,0,0.0,0.9644,7,23,3,UNKNOWN,1,2.8865
5,1,1,1,1385,61978,0,0,0.0,0.9644,7,23,3,UNKNOWN,1,626.185
0,1,0,0,53,650,0,0,0.0,0.9644,7,23,3,UNKNOWN,0,0.00457
0,1,0,0,52,1000,0,0,0.0,0.9644,7,23,3,UNKNOWN,0,0.009658
0,1,0,0,44,550,0,0,0.0,0.9644,7,23,3,UNKNOWN,0,0.00057
0,1,0,0,44,650,0,0,0.0,0.9644,7,23,3,UNKNOWN,0,0.004905
0,1,0,0,51,900,0,0,0.0,0.9644,7,23,3,UNKNOWN,0,0.008438
0,1,0,0,62,650,0,0,0.0,0.9644,7,23,3,UNKNOWN,0,0.005891
0,1,0,0,60,1000,0,0,0.0,0.9644,7,23,3,UNKNOWN,0,0.003852
1,1,1,1,284,646950,0,0,0.0,0.9644,5,23,3,UNKNOWN,1,62.7286
2,1,1,1,310,119743,0,0,0.0,0.9644,5,23,3,UNKNOWN,1,1.10057
0,1,0,0,58,900,0,0,0.0,0.9644,5,23,3,UNKNOWN,0,0.005132
0,1,0,0,59,850,0,0,0.0,0.9644,5,23,3,UNKNOWN,0,0.001337
0,1,0,0,46,950,0,0,0.0,0.9644,5,23,3,UNKNOWN,0,0.009934
0,1,0,0,47,800,0,0,0.0,0.9644,5,23,3,UNKNOWN,0,0.006069
0,1,0,0,47,950,0,0,0.0,0.9644,5,23,3,UNKNOWN,0,0.00899
0,1,0,0,42,900,0,0,0.0,0.9644,5,23,3,UNKNOWN,0,0.003483
0,1,0,0,48,800,0,0,0.0,0.9643,5,0,4,UNKNOWN,0,0.004907
0,1,0,0,47,750,0,0,0.0,0.9643,5,0,4,UNKNOWN,0,0.005903
0,1,0,0,58,600,0,0,0.0,0.9643,5,0,4,UNKNOWN,0,0.004451
0,1,0,0,45,700,0,0,0.0,0.9643,5,0,4,UNKNOWN,0,0.004882
0,1,0,0,54,1000,0,0,0.0,0.9643,5,0,4,UNKNOWN,0,0.007134
0,1,0,0,62,700,0,0,0.0,0.9643,5,0,4,UNKNOWN,0,0.004124
8,1,1,1,1299,25604,0,0,0.0,0.9643,5,0,4,UNKNOWN,1,166.194
7,1,1,1,1702,6317,0,0,0.0,0.9643,5,0,4,UNKNOWN,1,23.4365
2,1,1,1,315,1117590,0,0,0.0,0.9643,5,0,4,UNKNOWN,1,3.50824
0,1,0,0,48,1000,0,0,0.0,0.9643,5,0,4,UNKNOWN,0,0.000517
0,1,0,0,49,700,0,0,0.0,0.9643,5,0,4,UNKNOWN,0,0.004736
0,1,0,0,45,650,0,0,0.0,0.9643,5,0,4,UNKNOWN,0,0.002466
5,1,1,1,2280,3888,0,0,0.0,0.9647,2,0,4,UNKNOWN,1,34.5131
5,0,1,1,1513,9548,0,0,0.0,0.9647,2,0,4,UNKNOWN,1,21.8489
2,1,1,1,333,433944,0,0,0.0,0.9647,2,0,4,UNKNOWN,1,20.9342
4,1,1,1,1725,6309,0,0,0.0,0.9647,2,0,4,UNKNOWN,1,15.6113
6,0,1,1,1331,1713504,0,0,0.0,0.9647,2,0,4,UNKNOWN,1,16.2324
8,2,1,1,2352,7866,0,0,0.0,0.9647,2,0,4,UNKNOWN,1,10.4399
3,0,1,1,376,1587629,0,0,0.0,0.9647,2,0,4,UNKNOWN,1,3.20284
4,1,1,1,1222,6592,0,0,0.0,0.9647,2,0,4,UNKNOWN,1,17.8863
1,1,1,0,4476,16,0,0,0.0,0.9647,2,0,4,UNKNOWN,1,3.81934
4,1,1,1,1525,6309,0,0,0.0,0.9647,2,0,4,UNKNOWN,1,49.111
3,1,1,1,383,600024,0,0,0.0,0.9647,2,0,4,UNKNOWN,1,2.89894
2,1,1,1,376,383748,0,0,0.0,0.9647,2,0,4,UNKNOWN,1,1.44128
4,1,1,1,1184,23275,0,0,0.0,0.9647,2,0,4,UNKNOWN,1,26.1905
6,1,1,1,2166,8386,0,0,0.0,0.9647,2,0,4,UNKNOWN,1,11.775
3,0,1,1,339,831482,0,0,0.0,0.9647,2,0,4,UNKNOWN,1,3.77313
6,0,1,1,3260,14887,0,0,0.0,0.9647,2,0,4,UNKNOWN,1,12.9252
4,1,1,1,1517,23275,0,0,0.0,0.9647,2,0,4,UNKNOWN,1,13.7384
4,0,1,1,1772,18936,0,0,0.0,0.9647,2,0,4,UNKNOWN,1,20.4667
2,2,1,1,1286,10848,0,0,0.0,0.9647,2,0,4,UNKNOWN,1,8.03707
7,0,1,1,2531,15421,0,0,0.0,0.9647,2,0,4,UNKNOWN,1,7.5368
5,5,1,1,2742,11127,0,0,0.0,0.9647,2,0,4,UNKNOWN,1,6.95118
9,1,1,1,3796,1942,0,0,0.0,0.9647,2,0,4,UNKNOWN,1,6.65554
4,2,1,1,2543,124912,0,0,0.0,0.9647,2,0,4,UNKNOWN,1,2.23552
4,1,1,1,1728,10650,0,0,0.0,0.9647,2,0,4,UNKNOWN,1,8.33513
5,0,1,1,2048,27658,0,0,0.0,0.9647,2,0,4,UNKNOWN,1,7.54729
7,4,1,1,2269,5967,0,0,0.0,0.9647,2,0,4,UNKNOWN,1,8.6911
5,0,1,1,2110,27656,0,0,0.0,0.9647,2,0,4,UNKNOWN,1,7.31598
4,1,1,1,1782,28718,0,0,0.0,0.9647,2,0,4,UNKNOWN,1,7.62927
7,0,1,1,2752,15421,0,0,0.0,0.9647,2,0,4,UNKNOWN,1,8.61609
6,11,1,1,4793,10855,0,0,0.0,0.9647,2,0,4,UNKNOWN,1,7.49523
4,2,1,1,2172,137766,0,0,0.0,0.9647,2,0,4,UNKNOWN,1,2.15607
5,0,1,1,2202,3888,0,0,0.0,0.9647,2,0,4,UNKNOWN,1,5.15648
4,1,1,1,2661,28859,0,0,0.0,0.9647,2,0,4,UNKNOWN,1,7.98172
0,1,0,0,51,550,0,0,0.0,0.9647,2,0,4,UNKNOWN,0,0.005319
0,1,0,0,58,750,0,0,0.0,0.9647,1,0,4,UNKNOWN,0,0.005555
0,0,0,0,1704,0,0,0,0.0,0.9662,12,13,4,UNKNOWN,1,2.2636
2,0,1,1,396,900097,0,0,0.0,0.9678,11,13,4,UNKNOWN,1,4.05079
3,1,1,1,750,244093,0,0,0.0,0.9678,11,13,4,UNKNOWN,1,10.0649
3,0,1,1,440,871480,0,0,0.0,0.9678,11,13,4,UNKNOWN,1,4.01104
2,1,1,1,1068,32672,0,0,0.0,0.9678,11,13,4,UNKNOWN,1,7.10345
0,0,1,1,385,600040,0,0,0.0,0.9678,11,13,4,UNKNOWN,1,55.1885
3,1,1,1,920,200594,0,0,0.0,0.9759,11,14,4,UNKNOWN,1,557.418
2,1,1,1,1097,116725,0,0,0.0,0.9759,11,14,4,UNKNOWN,1,2.60991
4,1,1,1,839,1263052,0,0,0.0,0.9787,10,14,4,UNKNOWN,1,49.9401
2,1,1,1,921,96411,0,0,0.0,0.9812,10,14,4,UNKNOWN,1,154.604
2,1,1,1,494,34066,0,0,0.0,0.9852,10,14,4,UNKNOWN,1,6.37648
4,1,1,1,444,35638,0,0,0.0,0.9852,10,14,4,UNKNOWN,1,9.45032
3,2,1,1,533,457790,0,0,0.0,0.9852,10,14,4,UNKNOWN,1,26.2034
3,1,1,1,674,34694,0,0,0.0,0.9852,10,14,4,UNKNOWN,1,8.14078
6,1,1,1,1336,179653,0,0,0.0,0.9852,10,14,4,UNKNOWN,1,3.94618
4,1,1,1,896,95527,0,0,0.0,0.9852,10,14,4,UNKNOWN,1,1.28427
4,1,1,1,1174,95875,0,0,0.0,0.9852,10,14,4,UNKNOWN,1,1.3115
4,1,1,1,1258,95875,0,0,0.0,0.9852,10,14,4,UNKNOWN,1,1.26334
4,1,1,1,1330,95875,0,0,0.0,0.9852,10,14,4,UNKNOWN,1,1.27389
6,1,1,1,1597,132981,0,0,0.0,0.9852,10,14,4,UNKNOWN,1,3.80287
0,9,0,0,1721,0,0,0,0.0,0.9852,10,14,4,UNKNOWN,1,2.19242
3,2,1,1,538,946972,0,0,0.0,0.9852,10,14,4,UNKNOWN,1,703.561
6,1,1,1,1498,246444,0,0,0.0,0.9855,10,14,4,UNKNOWN,1,11.072
7,2,1,1,1056,1263650,0,0,0.0,0.9874,9,14,4,UNKNOWN,1,2782.98
3,1,1,1,492,267846,0,0,0.0,0.9874,9,14,4,UNKNOWN,1,481.409
3,2,1,1,705,948358,0,0,0.0,0.9874,9,14,4,UNKNOWN,1,861.305
4,0,1,1,871,32730,0,0,0.0,0.9874,9,14,4,UNKNOWN,1,354.59
5,1,1,1,595,97342,0,0,0.0,0.9874,9,14,4,UNKNOWN,1,10.2201
3,1,1,1,924,34057,0,0,0.0,0.9874,9,14,4,UNKNOWN,1,6.81485
2,1,1,1,724,34038,0,0,0.0,0.9874,9,14,4,UNKNOWN,1,6.75714
4,1,1,1,543,35654,0,0,0.0,0.9888,9,14,4,UNKNOWN,1,7.47873
4,1,1,1,562,35638,0,0,0.0,0.9888,9,14,4,UNKNOWN,1,8.86006
3,1,1,1,830,35654,0,0,0.0,-0.732,9,15,4,UNKNOWN,1,8.38485
2,1,1,1,559,34038,0,0,0.0,-0.732,9,15,4,UNKNOWN,1,5.77291
2,1,1,1,549,64153,0,0,0.0,-0.732,9,15,4,UNKNOWN,1,53.2719
4,0,1,1,569,1200048,0,0,0.0,-0.732,9,15,4,UNKNOWN,1,4.28026
7,2,1,1,1093,963646,0,0,0.0,-0.732,9,15,4,UNKNOWN,1,2708.31
2,1,1,1,505,34028,0,0,0.0,-0.732,9,15,4,UNKNOWN,1,6.86017
4,1,1,1,596,35470,0,0,0.0,-0.732,9,15,4,UNKNOWN,1,7.99926
3,2,1,1,967,948606,0,0,0.0,-0.732,9,15,4,UNKNOWN,1,853.405
3,1,1,1,1114,197495,0,0,0.0,-0.732,9,15,4,UNKNOWN,1,457.271
6,1,1,1,1551,126112,0,0,0.0,-0.732,9,15,4,UNKNOWN,1,286.135
7,0,1,1,980,305255,0,0,0.0,-0.732,9,15,4,UNKNOWN,1,10.8061
7,1,1,1,957,70326,0,0,0.0,-0.732,9,15,4,UNKNOWN,1,117.749
3,1,1,1,1020,1554980,0,0,0.0,-0.732,9,15,4,UNKNOWN,1,217.382
8,0,1,1,1778,203223,0,0,0.0,-0.732,9,15,4,UNKNOWN,1,1.60157
3,1,1,1,935,200594,0,0,0.0,-0.732,9,15,4,UNKNOWN,1,572.561
5,2,1,1,876,68416,0,0,0.0,-0.732,9,15,4,UNKNOWN,1,10.7174
4,2,1,1,1077,197993,0,0,0.0,-0.732,9,15,4,UNKNOWN,1,9.56101
3,1,1,1,603,267894,0,0,0.0,-0.732,9,15,4,UNKNOWN,1,544.467
4,1,1,1,626,35470,0,0,0.0,0.778,9,15,4,UNKNOWN,1,9.14316
4,1,1,1,857,35620,0,0,0.0,0.778,9,15,4,UNKNOWN,1,9.52649
5,1,1,1,1131,1546972,0,0,0.0,0.778,9,15,4,UNKNOWN,1,12.5879
5,1,1,1,1427,1557964,0,0,0.0,0.9419,5,15,4,UNKNOWN,1,617.922
6,3,1,1,1195,75310,0,0,0.0,0.9419,5,15,4,UNKNOWN,1,280.794
2,1,1,1,867,32672,0,0,0.0,0.9419,5,15,4,UNKNOWN,1,6.90467
4,1,1,1,799,35470,0,0,0.0,0.9419,5,15,4,UNKNOWN,1,8.90002
4,1,1,1,1369,1554992,0,0,0.0,0.9419,5,15,4,UNKNOWN,1,231.731
4,2,1,1,643,2147483647,0,0,0.0,0.9419,5,15,4,UNKNOWN,1,7063.27
2,3,1,0,527,226255,0,0,0.0,0.9419,5,15,4,UNKNOWN,1,9.21512
4,2,1,1,660,192196,0,0,0.0,0.9419,5,15,4,UNKNOWN,1,1.40775
4,0,1,1,1003,306217,0,0,0.0,0.9623,3,16,4,UNKNOWN,1,1343.62
2,0,1,1,727,1002173,0,0,0.0,0.9623,3,16,4,UNKNOWN,1,5.1425
3,4,1,1,1928,98693,0,0,0.0,0.9623,3,16,4,UNKNOWN,1,5.20873
3,1,1,1,1025,32715,0,0,0.0,0.9623,3,16,4,UNKNOWN,1,5.90326
0,1,0,0,45,1500,0,0,0.0,0.9623,3,16,4,UNKNOWN,0,0.000735
0,1,0,0,46,1500,0,0,0.0,0.9623,3,16,4,UNKNOWN,0,0.003371
0,1,0,0,47,1500,0,0,0.0,0.9623,3,16,4,UNKNOWN,0,0.008856
0,1,0,0,57,1500,0,0,0.0,0.9623,3,16,4,UNKNOWN,0,0.003404
0,1,0,0,51,1500,0,0,0.0,0.9623,3,16,4,UNKNOWN,0,0.008921
0,1,0,0,48,1500,0,0,0.0,0.9623,3,16,4,UNKNOWN,0,0.006521
0,1,0,0,48,1500,0,0,0.0,0.9623,3,16,4,UNKNOWN,0,0.011617
0,1,0,0,60,1500,0,0,0.0,0.9623,3,16,4,UNKNOWN,0,0.000533
0,1,0,0,56,1500,0,0,0.0,0.9623,3,16,4,UNKNOWN,0,0.011519
0,1,0,0,48,1500,0,0,0.0,0.9623,3,16,4,UNKNOWN,0,0.000519
0,1,0,0,61,1500,0,0,0.0,0.9623,3,16,4,UNKNOWN,0,0.004258
0,1,0,0,46,1500,0,0,0.0,0.9623,3,16,4,UNKNOWN,0,0.00968
0,1,0,0,59,1500,0,0,0.0,0.9623,3,16,4,UNKNOWN,0,0.004777
0,1,0,0,60,1500,0,0,0.0,0.9623,3,16,4,UNKNOWN,0,0.00374
2,0,1,1,786,178667,0,0,0.0,0.9624,3,16,4,UNKNOWN,1,9.36866
3,1,1,1,1272,17571,0,0,0.0,0.9624,3,16,4,UNKNOWN,1,25.0304
4,1,1,1,884,174066,0,0,0.0,0.9624,3,16,4,UNKNOWN,1,8.37934
0,1,0,0,58,1500,0,0,0.0,0.9624,3,16,4,UNKNOWN,0,0.002149
0,1,0,0,42,1500,0,0,0.0,0.9624,3,16,4,UNKNOWN,0,0.009369
0,1,0,0,53,1500,0,0,0.0,0.9624,3,16,4,UNKNOWN,0,0.009102
0,1,0,0,63,1500,0,0,0.0,0.9624,3,16,4,UNKNOWN,0,0.004467
2,1,1,1,1192,35358,0,0,0.0,0.9626,2,16,4,UNKNOWN,1,6.21216
3,0,1,1,891,245609,0,0,0.0,0.9626,2,16,4,UNKNOWN,1,10.2183
0,1,0,0,59,1500,0,0,0.0,0.9626,2,16,4,UNKNOWN,0,0.005005
0,1,0,0,53,1500,0,0,0.0,0.9626,2,16,4,UNKNOWN,0,0.000509
0,1,0,0,52,1500,0,0,0.0,0.9626,2,16,4,UNKNOWN,0,0.012161
0,1,0,0,43,1500,0,0,0.0,0.9626,2,16,4,UNKNOWN,0,0.064933
0,1,0,0,47,1500,0,0,0.0,0.9626,2,16,4,UNKNOWN,0,0.008911
8,5,1,1,1512,2309989,0,0,0.0,0.9629,1,16,4,UNKNOWN,1,10.6663
1,2,1,1,1374,46912,0,0,0.0,0.9629,1,16,4,UNKNOWN,1,7.29331
6,1,1,1,1698,45744,0,0,0.0,0.9629,1,16,4,UNKNOWN,1,5.4764
2,2,1,1,3008,72940,0,0,0.0,0.9629,1,16,4,UNKNOWN,1,6.89903
0,1,0,0,49,1500,0,0,0.0,0.9629,1,16,4,UNKNOWN,0,0.005625
0,1,0,0,51,1500,0,0,0.0,0.9629,1,16,4,UNKNOWN,0,0.005198
0,1,0,0,45,1500,0,0,0.0,0.9629,1,16,4,UNKNOWN,0,0.0086
0,1,0,0,46,2500,0,0,0.0,0.9629,1,16,4,UNKNOWN,0,0.013087
0,1,0,0,48,2500,0,0,0.0,0.9629,1,16,4,UNKNOWN,0,0.00095
0,1,0,0,60,2500,0,0,0.0,0.9629,1,16,4,UNKNOWN,0,0.003143
0,1,0,0,53,2500,0,0,0.0,0.9629,1,16,4,UNKNOWN,0,0.013014
0,1,0,0,63,2500,0,0,0.0,0.9629,1,16,4,UNKNOWN,0,0.0038
0,1,0,0,42,2500,0,0,0.0,0.9629,1,16,4,UNKNOWN,0,0.014102
0,1,0,0,45,2500,0,0,0.0,0.9629,1,16,4,UNKNOWN,0,0.013288
0,1,0,0,52,2500,0,0,0.0,0.9629,1,16,4,UNKNOWN,0,0.019351
0,1,0,0,52,2500,0,0,0.0,0.9629,1,16,4,UNKNOWN,0,0.017128
0,1,0,0,49,2500,0,0,0.0,0.9629,1,16,4,UNKNOWN,0,0.005385
0,1,0,0,53,2500,0,0,0.0,0.9629,1,16,4,UNKNOWN,0,0.000495
0,1,0,0,51,2500,0,0,0.0,0.9629,1,16,4,UNKNOWN,0,0.007208
0,1,0,0,61,2500,0,0,0.0,0.9629,1,16,4,UNKNOWN,0,0.003475
0,1,0,0,50,2500,0,0,0.0,0.9629,1,16,4,UNKNOWN,0,0.013933
0,1,0,0,57,2500,0,0,0.0,0.963,1,16,4,UNKNOWN,0,0.003089
0,1,0,0,51,2500,0,0,0.0,0.963,1,16,4,UNKNOWN,0,0.007358
0,1,0,0,47,2500,0,0,0.0,0.963,1,16,4,UNKNOWN,0,0.008623
0,1,0,0,60,2500,0,0,0.0,0.963,1,16,4,UNKNOWN,0,0.000447
0,1,0,0,48,2500,0,0,0.0,0.963,1,16,4,UNKNOWN,0,0.016469
0,1,0,0,56,2500,0,0,0.0,0.963,1,16,4,UNKNOWN,0,0.018166
0,1,0,0,44,2500,0,0,0.0,0.963,1,16,4,UNKNOWN,0,0.020336
0,1,0,0,45,2500,0,0,0.0,0.963,1,16,4,UNKNOWN,0,0.000523
0,1,0,0,43,2500,0,0,0.0,0.963,1,16,4,UNKNOWN,0,0.007065
0,1,0,0,47,2500,0,0,0.0,0.963,1,16,4,UNKNOWN,0,0.008118
0,1,0,0,54,2500,0,0,0.0,0.963,1,16,4,UNKNOWN,0,0.06351
0,1,0,0,53,5500,0,0,0.0,0.9631,1,16,4,UNKNOWN,0,0.02897
0,1,0,0,52,5500,0,0,0.0,0.9631,1,16,4,UNKNOWN,0,0.036414
0,1,0,0,51,5500,0,0,0.0,0.9631,1,16,4,UNKNOWN,0,0.008182
0,1,0,0,57,5500,0,0,0.0,0.9631,1,16,4,UNKNOWN,0,0.00287
0,1,0,0,61,5500,0,0,0.0,0.9631,1,16,4,UNKNOWN,0,0.003497
0,1,0,0,56,5500,0,0,0.0,0.9631,1,16,4,UNKNOWN,0,0.03446
0,1,0,0,45,5500,0,0,0.0,0.9631,1,16,4,UNKNOWN,0,0.00556
0,1,0,0,47,5500,0,0,0.0,0.9631,1,16,4,UNKNOWN,0,0.009864
0,1,0,0,45,250,0,0,0.0,0.9631,1,16,4,UNKNOWN,0,0.005808
0,1,0,0,52,850,0,0,0.0,0.9631,1,16,4,UNKNOWN,0,0.038966
0,1,0,0,45,650,0,0,0.0,0.9631,1,16,4,UNKNOWN,0,0.000602
0,1,0,0,59,550,0,0,0.0,0.9631,1,16,4,UNKNOWN,0,0.004556
0,1,0,0,52,5500,0,0,0.0,0.9631,1,16,4,UNKNOWN,0,0.024263
0,1,0,0,45,950,0,0,0.0,0.9631,1,16,4,UNKNOWN,0,0.016908
0,1,0,0,43,100,0,0,0.0,0.9631,1,16,4,UNKNOWN,0,0.009904
0,1,0,0,61,900,0,0,0.0,0.9631,1,16,4,UNKNOWN,0,0.004211
0,1,0,0,57,5,0,0,0.0,0.9631,1,16,4,UNKNOWN,0,0.002955
0,1,0,0,60,750,0,0,0.0,0.9631,1,16,4,UNKNOWN,0,0.003195
0,1,0,0,46,650,0,0,0.0,0.9631,1,16,4,UNKNOWN,0,0.015674
0,1,0,0,58,450,0,0,0.0,0.9631,1,16,4,UNKNOWN,0,0.001886
0,1,0,0,50,750,0,0,0.0,0.9631,1,16,4,UNKNOWN,0,0.015015
0,1,0,0,63,5500,0,0,0.0,0.9631,1,16,4,UNKNOWN,0,0.004114
0,1,0,0,51,450,0,0,0.0,0.9631,1,16,4,UNKNOWN,0,0.00861
0,1,0,0,53,900,0,0,0.0,0.9631,1,16,4,UNKNOWN,0,0.015875
0,1,0,0,44,650,0,0,0.0,0.9631,1,16,4,UNKNOWN,0,0.020921
0,1,0,0,60,250,0,0,0.0,0.9631,1,16,4,UNKNOWN,0,0.000732
0,1,0,0,54,5500,0,0,0.0,0.9631,1,16,4,UNKNOWN,0,0.013467
0,1,0,0,51,50,0,0,0.0,0.9631,1,16,4,UNKNOWN,0,0.007539
0,1,0,0,44,250,0,0,0.0,0.9631,1,16,4,UNKNOWN,0,0.022927
0,1,0,0,47,700,0,0,0.0,0.9631,1,16,4,UNKNOWN,0,0.008147
0,1,0,0,53,150,0,0,0.0,0.9631,1,16,4,UNKNOWN,0,0.000522
0,1,0,0,46,5500,0,0,0.0,0.9631,1,16,4,UNKNOWN,0,0.003304
0,1,0,0,56,200,0,0,0.0,0.9631,1,16,4,UNKNOWN,0,0.019835
0,1,0,0,48,100,0,0,0.0,0.9631,1,16,4,UNKNOWN,0,0.000695
0,1,0,0,59,200,0,0,0.0,0.9631,1,16,4,UNKNOWN,0,0.004346
0,1,0,0,48,750,0,0,0.0,0.9631,1,16,4,UNKNOWN,0,0.006483
0,1,0,0,48,650,0,0,0.0,0.9631,1,16,4,UNKNOWN,0,0.019449
0,1,0,0,42,300,0,0,0.0,0.9631,1,16,4,UNKNOWN,0,0.015359
0,1,0,0,47,900,0,0,0.0,0.9631,1,16,4,UNKNOWN,0,0.00893
0,1,0,0,49,200,0,0,0.0,0.9631,1,16,4,UNKNOWN,0,0.005498
0,1,0,0,78,59855,0,0,5.0,0.9989,4,21,3,ref,1,14.263
0,1,1,0,79,119720,1,1,5.0,0.9989,4,21,3,ref,1,14.3742
1,2,0,0,230,0,0,0,7.0,0.9997,4,22,3,ref,1,14.9196
0,1,0,0,206,300003,0,0,5.0,0.9997,4,22,3,ALL,1,1.56101
0,1,0,0,132,300003,0,0,0.0,0.9997,4,22,3,ALL,1,1.24139
0,1,0,0,101,300003,0,0,0.0,0.9997,4,22,3,ALL,1,1.94169
0,1,1,0,85,119710,1,0,5.0,0.9997,4,22,3,ref,1,15.3346
0,1,0,0,219,300003,0,0,0.0,0.9997,4,22,3,ALL,1,2.71971
0,1,0,0,317,300003,0,0,0.0,0.9997,4,22,3,ALL,1,1.5743
0,2,1,0,265,50639426,0,0,3.0,0.9997,4,22,3,range,1,22.6608
0,2,0,0,653,74698493,0,0,12.0,0.9997,4,22,3,ALL,1,47.2813
2,1,0,0,414,4014601,0,0,3.0,0.9997,4,22,3,index,1,2.27255
0,0,1,0,70,64004,1,0,0.0,0.9978,4,22,3,ALL,1,1.0898
0,0,1,0,59,64004,1,0,0.0,0.9978,4,22,3,ALL,1,1.09187
0,0,1,0,54,600006,1,0,0.0,0.9978,4,22,3,ALL,1,49.2526
0,0,1,0,60,600006,1,0,0.0,0.9978,4,22,3,ALL,1,48.6033
0,1,0,0,60,300003,0,0,0.0,0.9978,4,22,3,ALL,1,1.10799
0,0,1,0,59,900009,1,1,0.0,0.9978,4,22,3,ALL,1,3.66353
0,1,0,0,59,300003,0,0,2.0,0.9978,4,22,3,ALL,1,2.08405
0,1,0,0,69,300003,0,0,0.0,0.9978,4,22,3,ALL,1,2.44981
0,1,0,0,61,300003,0,0,0.0,0.9978,4,22,3,ALL,1,1.10948
0,1,0,0,69,300003,0,0,0.0,0.9978,4,22,3,ALL,1,2.19364
0,0,1,0,54,600006,1,0,0.0,0.9978,4,22,3,ALL,1,50.4788
0,1,0,0,82,300003,0,0,0.0,0.9978,4,22,3,ALL,1,2.07285
0,1,0,0,81,300003,0,0,7.0,0.9978,4,22,3,ALL,1,1.83082
0,1,0,0,84,300003,0,0,7.0,0.9978,4,22,3,ALL,1,1.75034
0,1,0,0,96,30286,0,0,12.0,0.9978,4,22,3,index_merge,1,1.01654
0,1,0,0,68,300003,0,0,0.0,0.9978,4,22,3,ALL,1,1.09652
0,1,0,0,72,300003,0,0,0.0,0.9978,4,22,3,ALL,1,1.2069
0,1,0,0,88,300003,0,0,0.0,0.9978,4,22,3,ALL,1,2.466
0,1,0,0,75,300003,0,0,0.0,0.9978,4,22,3,ALL,1,1.14577
0,1,0,0,77,300003,0,0,0.0,0.9978,4,22,3,ALL,1,1.21318
0,1,0,0,80,300003,0,0,0.0,0.9978,4,22,3,ALL,1,1.21057
0,1,0,0,69,300003,0,0,0.0,0.9978,4,22,3,ALL,1,1.15297
0,1,0,0,53,300003,0,0,0.0,0.9978,4,22,3,ALL,1,1.06566
0,1,0,0,57,300003,0,0,0.0,0.9978,4,22,3,ALL,1,1.07428
0,1,0,0,58,300003,0,0,0.0,0.9978,4,22,3,ALL,1,1.10572
0,1,0,0,59,300003,0,0,0.0,0.9978,4,22,3,ALL,1,1.2105
0,1,0,0,74,300003,0,0,0.0,0.9978,4,22,3,ALL,1,2.54001
0,1,0,0,84,300003,0,0,0.0,0.9955,4,22,3,ALL,1,2.46604
0,0,1,0,53,600006,1,0,0.0,0.9955,4,22,3,ALL,1,50.949
0,1,0,0,87,300003,0,0,0.0,0.9955,4,22,3,ALL,1,1.17772
0,1,0,0,154,300003,0,0,0.0,0.9955,4,22,3,ALL,1,2.85462
0,1,0,0,110,300004,0,0,0.0,0.9955,4,22,3,ALL,1,1.18035
0,1,0,0,108,300003,0,0,0.0,0.9955,4,22,3,ALL,1,1.20977
0,1,0,0,108,300003,0,0,0.0,0.9955,4,22,3,ALL,1,1.71972
0,1,0,0,138,300003,0,0,0.0,0.9955,4,22,3,ALL,1,1.98535
0,1,0,0,125,300003,0,0,0.0,0.9955,4,22,3,ALL,1,1.49678
0,0,1,0,60,600006,1,0,0.0,0.9955,4,22,3,ALL,1,48.6313
0,1,0,0,88,300003,0,0,0.0,0.9955,4,22,3,ALL,1,1.5502
0,1,0,0,85,300003,0,0,7.0,0.9955,4,22,3,ALL,1,1.23547
0,1,0,0,106,300003,0,0,9.0,0.9955,4,22,3,ALL,1,1.8149
0,1,0,0,97,300003,0,0,0.0,0.9955,4,22,3,ALL,1,2.14813
0,2,0,0,197,900069,0,0,7.0,0.9955,4,22,3,ALL,1,2.47891
0,1,0,0,108,300003,0,0,0.0,0.9955,4,22,3,ALL,1,2.23957
0,2,0,1,202,328900,0,0,5.0,0.9955,4,22,3,ALL,1,1.56994
0,1,0,0,119,300003,0,0,7.0,0.9955,4,22,3,ALL,1,1.23082
0,1,0,0,170,300003,0,0,2.0,0.9955,4,22,3,ALL,1,2.03745
0,1,0,0,114,300003,0,0,2.0,0.9955,4,22,3,ALL,1,2.2729
0,0,1,0,69,600006,1,0,0.0,0.9955,4,22,3,ALL,1,48.8838
0,1,0,0,126,300003,0,0,2.0,0.9955,4,22,3,ALL,1,2.02822
0,1,0,0,135,300003,0,0,0.0,0.9955,4,22,3,ALL,1,1.50781
0,1,1,0,211,600007,0,0,5.0,0.9955,4,22,3,ALL,1,1.98091
0,1,0,0,233,300003,0,0,9.0,0.9955,4,22,3,ALL,1,1.26562
0,1,0,0,157,300003,0,0,0.0,0.9955,4,22,3,ALL,1,1.51022
0,1,0,0,174,300003,0,0,2.0,0.9955,4,22,3,ALL,1,1.59429
0,1,0,0,162,300003,0,0,0.0,0.9955,4,22,3,ALL,1,2.27608
0,1,0,0,127,300003,0,0,0.0,0.9955,4,22,3,ALL,1,2.51102
0,1,0,0,300,600006,0,0,2.0,0.9955,4,22,3,ALL,1,2.81518
0,0,1,0,48,600006,1,0,0.0,0.9955,4,22,3,ALL,1,48.4199
0,1,0,0,112,300003,0,0,0.0,0.9955,4,22,3,ALL,1,1.2151
0,0,1,0,50,600006,1,0,0.0,0.9941,4,22,3,ALL,1,54.0803
0,0,1,0,49,600006,1,0,0.0,0.9941,4,22,3,ALL,1,53.7494
0,0,1,0,52,600006,1,0,0.0,0.9941,4,22,3,ALL,1,53.1366
0,0,1,0,56,600006,1,0,0.0,0.9974,2,23,3,ALL,1,52.7301
0,0,1,0,56,366373,1,0,0.0,0.9974,2,23,3,ALL,1,12.2321
2,0,0,0,144,64062,0,0,1.0,0.9974,2,23,3,ALL,1,4.30913
0,0,1,0,54,0,1,0,0.0,0.9974,2,23,3,ALL,1,2770.1
0,4,0,0,265,0,0,0,0.0,0.997,1,0,4,UNKNOWN,1,2299.61
1,1,0,0,134,57794,0,0,0.0,0.997,1,0,4,UNKNOWN,1,2389.96
0,1,0,0,158,300003,0,0,0.0,0.997,1,0,4,UNKNOWN,1,2.39827
0,2,0,0,122,80849,0,0,0.0,0.997,1,0,4,UNKNOWN,1,2520.2
0,1,0,0,55,300003,0,0,0.0,0.997,1,0,4,UNKNOWN,1,1.53151
0,1,0,1,89,300003,0,0,0.0,0.997,1,0,4,UNKNOWN,1,5.30859
0,1,1,0,74,59855,0,0,0.0,0.997,1,0,4,UNKNOWN,1,16.5415
0,0,1,0,55,600006,0,0,0.0,0.997,1,0,4,UNKNOWN,1,57.8874
0,0,0,1,86,32002,0,0,0.0,0.997,1,0,4,UNKNOWN,1,1.15779
0,1,0,0,156,300003,0,0,0.0,0.997,1,0,4,UNKNOWN,1,19.5918
0,1,0,0,77,300003,0,0,0.0,0.997,1,0,4,UNKNOWN,1,1.70115
0,1,0,0,149,300003,0,0,0.0,0.997,1,0,4,UNKNOWN,1,1.7946
0,1,0,0,110,300003,0,0,0.0,0.997,1,0,4,UNKNOWN,1,2.34874
0,1,1,1,164,600014,0,0,0.0,0.997,1,0,4,UNKNOWN,1,2.46916
2,0,0,0,132,64062,0,0,0.0,0.997,1,0,4,UNKNOWN,1,4.46545
0,2,0,0,128,600001,0,0,0.0,0.997,1,0,4,UNKNOWN,1,3.16499
0,1,0,0,115,300003,0,0,0.0,0.997,1,0,4,UNKNOWN,1,2.66586
0,1,1,0,277,300003,0,0,0.0,0.997,1,0,4,UNKNOWN,1,2.0425
0,0,1,0,54,600006,0,0,0.0,0.997,1,0,4,UNKNOWN,1,48.1727
0,0,1,0,56,600006,0,0,0.0,0.997,1,0,4,UNKNOWN,1,47.7602
0,0,1,0,79,1200012,0,0,0.0,0.997,1,0,4,UNKNOWN,1,2.71359
0,0,1,0,81,1200012,0,0,0.0,0.997,1,0,4,UNKNOWN,1,2.51621
0,0,1,0,63,600006,0,0,0.0,0.997,1,0,4,UNKNOWN,1,47.696
0,0,1,0,99,600006,0,0,0.0,0.997,1,0,4,UNKNOWN,1,49.1231
0,0,1,0,131,600006,0,0,0.0,0.997,1,0,4,UNKNOWN,1,49.4281
0,0,1,0,43,347426,0,0,0.0,0.9995,3,20,4,UNKNOWN,1,1.42915
0,1,0,0,61,600006,0,0,0.0,0.9995,3,22,4,UNKNOWN,1,2.01759
0,0,1,1,388,600014,0,0,0.0,0.9995,3,11,5,UNKNOWN,1,2.47623
0,1,0,0,243,300003,0,0,0.0,0.9995,3,0,6,UNKNOWN,1,1.07629
2,2,1,1,999,607230,0,0,0.0,0.9995,3,20,1,UNKNOWN,1,18.3064
0,1,0,0,36,300003,0,0,0.0,0.9995,3,13,3,UNKNOWN,1,4.10236
0,1,0,0,91,300003,0,0,0.0,0.9995,3,13,3,UNKNOWN,1,1.29568
0,0,1,0,295,600006,0,0,0.0,0.9995,3,13,3,UNKNOWN,1,3.55108
0,1,0,0,50,300003,0,0,0.0,0.9995,3,14,3,UNKNOWN,1,2.86632
1,0,0,0,89,328900,0,0,0.0,0.9995,3,15,3,UNKNOWN,1,2.50402
0,0,1,0,114,600006,0,0,0.0,0.9995,3,16,3,UNKNOWN,1,3.19381
0,1,0,0,62,300003,0,0,0.0,0.9995,3,16,3,UNKNOWN,1,11.1376
0,0,0,0,215,10,0,0,0.0,0.9995,3,16,3,UNKNOWN,1,25.475
0,1,0,0,47,300003,0,0,0.0,0.9995,3,17,3,UNKNOWN,1,1.31223
3,0,0,1,292,389799,0,0,0.0,0.9995,3,18,3,UNKNOWN,1,52.0426
1,0,1,1,255,40794,0,0,0.0,0.9995,3,18,3,UNKNOWN,1,19.9616
2,0,1,1,296,929969,0,0,0.0,0.9995,3,18,3,UNKNOWN,1,12.7956
3,0,1,1,369,389799,0,0,0.0,0.9995,3,18,3,UNKNOWN,1,58.2727
2,0,1,1,365,640796,0,0,0.0,0.9995,3,18,3,UNKNOWN,1,677.883
0,1,0,0,90,300003,0,0,0.0,0.9995,3,18,3,UNKNOWN,1,1.11217
0,1,0,0,57,300003,0,0,0.0,0.9995,3,18,3,UNKNOWN,1,1.12637
1,1,1,1,366,601087,0,0,0.0,0.9995,3,18,3,UNKNOWN,1,9.0448
0,1,0,0,955,300003,0,0,0.0,0.9995,3,21,3,UNKNOWN,1,3.8037
0,1,0,0,46,300003,0,0,0.0,0.9995,3,21,3,UNKNOWN,1,1.0326
0,1,0,0,75,300003,0,0,0.0,0.9995,3,21,3,UNKNOWN,1,1.10668
0,1,0,0,74,300003,0,0,0.0,0.9995,3,21,3,UNKNOWN,1,0.538268
0,1,0,0,66,300003,0,0,0.0,0.9995,3,21,3,UNKNOWN,1,0.50169
0,1,0,0,69,300003,0,0,0.0,0.9995,3,21,3,UNKNOWN,1,0.524228
0,1,0,0,126,300003,0,0,0.0,0.9995,3,21,3,UNKNOWN,1,0.528586
0,1,0,0,57,300003,0,0,0.0,0.9995,3,21,3,UNKNOWN,1,0.524692
0,1,0,0,70,300003,0,0,0.0,0.9995,3,21,3,UNKNOWN,1,0.553809
1,1,1,1,185,601087,0,0,0.0,0.9995,3,21,3,UNKNOWN,1,12.5811
0,1,0,0,243,300003,0,0,0.0,0.9995,3,21,3,UNKNOWN,1,0.798323
0,1,0,0,73,300003,0,0,0.0,0.9995,3,21,3,UNKNOWN,1,0.917773
0,1,0,0,58,300003,0,0,0.0,0.9995,3,21,3,UNKNOWN,1,0.532031
0,1,0,0,65,300003,0,0,0.0,0.9995,3,21,3,UNKNOWN,1,1.10951
2,0,1,1,247,640823,0,0,0.0,0.9995,3,21,3,UNKNOWN,1,592.502
1,1,1,1,241,36833,0,0,0.0,0.9995,3,21,3,UNKNOWN,1,17.8111
2,1,1,1,225,336260,0,0,0.0,0.9995,3,21,3,UNKNOWN,1,20.3263
0,0,1,1,129,300011,0,0,0.0,0.9995,3,21,3,UNKNOWN,1,0.538335
0,0,0,0,23,300003,0,0,0.0,0.9995,3,11,4,UNKNOWN,1,2.3432
0,1,1,0,62,300006,0,0,0.0,0.9995,3,11,4,UNKNOWN,1,0.723833
